,StudentID,Name,Gender,Attendance_Rate,Study_Hours_Per_Week,Previous_Grade,Extra_curricular_Activities,Parental_Support,Final_Grade,Study Hours,Attendance (%),Online Classes Taken
0,1.0,John,Male,85.0,15.0,78.0,1.0,High,80.0,4.8,59.0,False
1,2.0,Sarah,Female,90.0,20.0,85.0,2.0,Medium,87.0,2.2,70.0,True
2,3.0,Alex,Male,78.0,10.0,65.0,0.0,Low,68.0,4.6,92.0,False
3,4.0,Michael,Male,92.0,25.0,90.0,3.0,High,92.0,2.9,96.0,False
4,5.0,Emma,Female,88.0,18.0,82.0,2.0,Medium,85.0,4.1,97.0,True
5,6.0,Olivia,Female,95.0,30.0,88.0,1.0,High,80.0,2.8,97.0,False
6,7.0,Daniel,Male,70.0,8.0,60.0,0.0,Low,62.0,4.5,96.0,False
7,8.0,Sophia,Female,88.0,17.0,77.0,1.0,Medium,78.0,1.0,70.0,True
8,9.0,James,Male,82.0,12.0,70.0,2.0,Low,72.0,3.6,50.0,False
9,10.0,Isabella,Female,91.0,22.0,86.0,3.0,High,88.0,2.9,59.0,True
10,2824.0,Shannon Harrison,Male,88.0,25.0,90.0,0.0,Medium,87.0,3.4,84.0,True
11,7912.0,Peter Davila,Male,85.0,20.0,78.0,3.0,Low,88.0,0.1,62.0,False
12,4611.0,Katherine Gray,Female,91.0,18.0,78.0,0.0,Low,62.0,1.7,59.0,True
13,6514.0,Megan Miller,Male,90.0,8.0,85.0,1.0,Medium,88.0,1.3,52.0,False
14,2139.0,Derrick Alexander,Male,88.0,18.0,85.0,3.0,High,62.0,1.4,90.0,False
15,8573.0,James Smith,Female,88.0,12.0,90.0,1.0,High,92.0,4.1,70.0,False
16,5386.0,James Reynolds,Male,92.0,22.0,88.0,3.0,Low,78.0,2.0,91.0,False
17,3340.0,Brittany Sutton,Female,78.0,25.0,70.0,2.0,Medium,88.0,2.1,87.0,False
18,6930.0,Annette Medina,Male,78.0,12.0,77.0,2.0,High,87.0,0.8,60.0,False
19,2040.0,James Duncan,Female,70.0,22.0,77.0,2.0,Medium,72.0,4.3,50.0,True
20,9797.0,Donna Taylor,Female,95.0,20.0,82.0,1.0,High,78.0,0.0,96.0,False
21,9201.0,David Robertson,Male,82.0,20.0,82.0,1.0,Low,80.0,0.8,98.0,True
22,9837.0,Susan Brown,Male,91.0,30.0,77.0,1.0,High,90.0,4.4,69.0,True
23,1949.0,Jessica Ortega,Male,91.0,20.0,78.0,1.0,High,72.0,3.8,58.0,False
24,3705.0,Jeremy Hall,Female,88.0,17.0,60.0,3.0,Low,92.0,3.6,75.0,False
25,8177.0,Peter Jones,Female,90.0,25.0,90.0,2.0,Medium,80.0,2.9,64.0,True
26,1117.0,Michael Sampson,Male,85.0,25.0,78.0,1.0,Medium,87.0,2.6,67.0,False
27,4510.0,Daniel Erickson,Male,91.0,22.0,77.0,3.0,Medium,62.0,1.0,56.0,False
28,4139.0,Benjamin Vance,Male,82.0,17.0,65.0,0.0,High,85.0,2.3,54.0,False
29,2604.0,Yolanda Chen,Male,82.0,15.0,85.0,3.0,High,62.0,2.4,63.0,False
30,1960.0,Kristina Douglas,Male,88.0,15.0,60.0,2.0,Medium,85.0,2.1,96.0,False
31,1821.0,Alexandra Harrington,Female,82.0,12.0,65.0,1.0,Low,87.0,4.3,54.0,True
32,4853.0,Richard Johnson,Female,90.0,22.0,90.0,3.0,Low,80.0,3.1,76.0,False
33,1152.0,Jerry Browning,Female,91.0,22.0,85.0,2.0,Low,92.0,2.5,58.0,False
34,2127.0,Carrie Page,Male,95.0,18.0,65.0,1.0,Low,85.0,3.1,91.0,True
35,5905.0,Michelle Benjamin,Male,78.0,18.0,85.0,2.0,Low,72.0,0.8,68.0,True
36,6617.0,James Woods,Male,88.0,12.0,77.0,2.0,High,87.0,3.2,67.0,True
37,1058.0,Angela Dunn,Female,78.0,18.0,65.0,1.0,Low,62.0,2.8,57.0,True
38,3442.0,Nathan Riley,Male,95.0,22.0,70.0,0.0,Medium,68.0,0.2,73.0,True
39,6862.0,Shelby Mahoney,Male,92.0,20.0,88.0,2.0,Medium,88.0,3.7,65.0,True
40,3900.0,Andrea Frey,Female,85.0,10.0,88.0,0.0,Low,92.0,1.3,100.0,True
41,7267.0,Justin Martin,Male,85.0,25.0,90.0,1.0,Medium,85.0,4.1,64.0,True
42,1387.0,Mark Hartman,Male,70.0,30.0,82.0,2.0,Medium,90.0,3.2,75.0,False
43,1452.0,Antonio Hansen,Male,88.0,10.0,86.0,2.0,High,87.0,3.0,72.0,False
44,8149.0,Lynn Anderson,Male,70.0,22.0,90.0,2.0,High,62.0,0.0,84.0,True
45,6967.0,Michael Cooley,Female,90.0,30.0,86.0,1.0,Low,87.0,3.6,69.0,False
46,7691.0,Mitchell Sanders,Female,70.0,18.0,70.0,0.0,High,62.0,3.3,74.0,True
47,5930.0,Maria Cross,Female,82.0,17.0,82.0,1.0,High,62.0,3.9,88.0,False
48,8618.0,Lisa Castillo,Female,85.0,25.0,70.0,1.0,Low,68.0,3.3,68.0,False
49,2530.0,Theresa Rodriguez,Male,88.0,25.0,90.0,0.0,High,80.0,1.2,80.0,True
50,8461.0,Kimberly Wood,Female,91.0,25.0,60.0,1.0,Medium,92.0,0.7,94.0,True
51,2746.0,Patricia Cox,Female,92.0,10.0,70.0,1.0,High,72.0,1.2,57.0,False
52,3184.0,Kimberly Blair,Female,82.0,12.0,86.0,1.0,Medium,88.0,4.1,82.0,False
53,9976.0,Jason Ramirez,Female,78.0,17.0,77.0,2.0,High,85.0,3.8,83.0,False
54,4919.0,Gail Dudley,Female,85.0,20.0,82.0,3.0,Medium,90.0,1.6,84.0,True
55,3267.0,John West,Male,92.0,8.0,65.0,3.0,High,62.0,2.0,84.0,False
56,7812.0,Patricia Carr,Male,92.0,8.0,60.0,3.0,Low,80.0,4.3,98.0,False
57,8814.0,David Nunez,Male,95.0,18.0,60.0,0.0,Low,72.0,4.0,64.0,False
58,4595.0,Collin Peterson,Female,70.0,17.0,78.0,0.0,Medium,62.0,3.6,79.0,True
59,9751.0,Rebecca Smith,Male,70.0,22.0,86.0,1.0,High,62.0,0.7,79.0,True
60,1823.0,Lisa Benjamin,Female,70.0,30.0,90.0,1.0,Medium,90.0,3.8,76.0,False
61,7906.0,Desiree Reyes,Female,90.0,17.0,78.0,2.0,High,90.0,1.1,54.0,True
62,1508.0,Megan Diaz,Male,92.0,15.0,86.0,0.0,High,68.0,2.4,57.0,True
63,8619.0,Joseph Adams,Female,95.0,10.0,86.0,3.0,Low,87.0,3.9,60.0,False
64,2771.0,Sharon Watson,Male,88.0,22.0,60.0,0.0,Low,92.0,0.4,94.0,True
65,2669.0,Tiffany Smith,Female,91.0,20.0,86.0,1.0,Medium,72.0,2.1,73.0,True
66,9289.0,Alexander Preston,Female,85.0,8.0,77.0,2.0,Medium,90.0,3.2,79.0,True
67,8135.0,Randall Hickman,Male,82.0,18.0,86.0,2.0,Medium,78.0,2.2,96.0,False
68,6280.0,David Hernandez,Male,90.0,18.0,77.0,3.0,Medium,88.0,3.1,74.0,False
69,1470.0,Michelle Jones,Female,95.0,10.0,77.0,3.0,Medium,85.0,2.5,76.0,False
70,1166.0,Tonya Gonzalez,Male,90.0,25.0,60.0,1.0,Low,92.0,3.5,91.0,False
71,8342.0,Sarah Johnson,Male,90.0,18.0,90.0,0.0,Low,92.0,1.5,87.0,False
72,8753.0,Grace Valencia,Female,70.0,12.0,88.0,1.0,Low,78.0,1.4,66.0,True
73,2976.0,Sarah Young,Male,95.0,20.0,70.0,0.0,Medium,92.0,3.7,67.0,False
74,2647.0,Gerald Weber,Male,88.0,25.0,88.0,1.0,Medium,80.0,3.5,58.0,False
75,1745.0,Gregory Turner,Male,82.0,18.0,78.0,1.0,High,80.0,2.9,80.0,False
76,8216.0,Laura Cortez,Female,78.0,15.0,82.0,1.0,High,87.0,2.0,54.0,True
77,3485.0,Lori Miller,Male,91.0,18.0,85.0,3.0,High,72.0,3.8,88.0,True
78,9561.0,Lori Gomez PhD,Female,85.0,17.0,82.0,3.0,Medium,85.0,2.8,53.0,True
79,4404.0,Dawn Foster,Male,88.0,20.0,65.0,1.0,High,72.0,0.4,50.0,False
80,8381.0,Peter Welch,Female,88.0,15.0,90.0,2.0,Low,62.0,3.5,79.0,True
81,4824.0,Maria Carter,Female,91.0,25.0,60.0,2.0,Low,92.0,3.2,67.0,True
82,2169.0,Daniel Hood,Male,78.0,18.0,86.0,3.0,Medium,78.0,0.6,94.0,False
83,7594.0,Amanda Hernandez,Female,82.0,12.0,77.0,1.0,High,88.0,0.2,77.0,False
84,5102.0,Alyssa Schmidt,Male,90.0,25.0,86.0,3.0,High,85.0,2.9,98.0,True
85,8708.0,Taylor Merritt DVM,Female,88.0,10.0,86.0,0.0,Low,78.0,4.8,80.0,False
86,7690.0,Alyssa Smith,Male,95.0,20.0,65.0,1.0,Medium,78.0,1.4,75.0,True
87,8451.0,Nathan Navarro,Male,95.0,18.0,88.0,2.0,Medium,72.0,4.1,50.0,False
88,7770.0,Lisa Zimmerman,Male,92.0,12.0,88.0,3.0,Medium,78.0,3.8,63.0,False
89,9998.0,Jeffrey Howard,Male,88.0,17.0,77.0,2.0,High,88.0,2.5,95.0,True
90,6091.0,Morgan Bell,Male,82.0,17.0,85.0,1.0,High,78.0,4.7,91.0,True
91,9165.0,Angelica Steele,Female,82.0,18.0,60.0,1.0,Medium,92.0,2.3,59.0,False
92,4122.0,Gregory Daniels,Male,90.0,18.0,60.0,1.0,Low,85.0,4.1,68.0,False
93,9022.0,Eric Davis,Male,85.0,12.0,77.0,1.0,Medium,72.0,3.8,74.0,False
94,7325.0,Ruth Davis,Male,85.0,15.0,65.0,2.0,Low,90.0,4.3,78.0,True
95,9617.0,Emily Torres,Male,85.0,17.0,60.0,0.0,High,78.0,3.9,66.0,False
96,7512.0,Nancy Davis,Male,95.0,12.0,60.0,1.0,Low,78.0,4.4,52.0,True
97,4846.0,Amanda Bowers,Female,92.0,20.0,60.0,1.0,Low,87.0,2.2,94.0,False
98,1474.0,Alison Lang,Male,95.0,15.0,82.0,1.0,Medium,62.0,0.7,83.0,False
99,3950.0,Matthew Massey,Male,78.0,20.0,86.0,1.0,Low,92.0,2.5,76.0,True
100,4804.0,James Anderson,Male,88.0,17.0,82.0,1.0,Medium,85.0,3.4,60.0,True
101,8237.0,Robert Howard,Female,91.0,18.0,60.0,2.0,Medium,85.0,1.0,74.0,False
102,2747.0,Rebecca Brown,Male,70.0,22.0,88.0,3.0,Medium,85.0,0.1,92.0,False
103,5497.0,Kimberly Harrison,Male,91.0,15.0,86.0,1.0,Medium,92.0,3.0,72.0,True
104,4115.0,Derek Parks,Female,78.0,20.0,78.0,2.0,Medium,80.0,2.9,76.0,True
105,2476.0,Jennifer Baker,Female,95.0,8.0,65.0,3.0,High,72.0,4.4,73.0,False
106,3695.0,Diana Schultz,Female,85.0,18.0,88.0,2.0,Medium,87.0,0.7,64.0,False
107,6992.0,Mrs. Jill Long,Male,70.0,15.0,82.0,1.0,High,78.0,1.8,97.0,False
108,7242.0,Heather Johnson,Female,90.0,25.0,77.0,1.0,Low,72.0,1.6,89.0,True
109,2035.0,Robert Lowery,Female,88.0,8.0,85.0,0.0,High,80.0,1.5,81.0,True
110,6942.0,Brent Burns,Male,95.0,12.0,88.0,1.0,Medium,85.0,0.9,57.0,False
111,2501.0,Melissa Barber,Male,91.0,15.0,78.0,1.0,High,68.0,3.9,63.0,True
112,4394.0,John Warner,Male,92.0,30.0,65.0,3.0,High,80.0,4.3,59.0,True
113,9850.0,Christopher Baxter,Female,78.0,17.0,78.0,0.0,High,90.0,3.9,65.0,False
114,1258.0,Courtney Haas,Male,88.0,15.0,65.0,0.0,Low,87.0,3.7,80.0,False
115,6931.0,Sarah Ross,Male,85.0,12.0,90.0,3.0,High,72.0,1.5,91.0,True
116,1996.0,Manuel Baker,Female,70.0,8.0,85.0,1.0,Low,62.0,0.4,55.0,False
117,3430.0,Jessica Lamb,Male,78.0,18.0,86.0,1.0,Low,90.0,2.5,76.0,False
118,8433.0,Jaime Nguyen,Female,90.0,20.0,70.0,3.0,Medium,78.0,4.4,76.0,False
119,2099.0,Christina Thompson,Male,90.0,20.0,60.0,2.0,Low,90.0,4.1,85.0,True
120,6400.0,Shari Harrell,Male,70.0,17.0,60.0,1.0,Medium,88.0,1.6,56.0,True
121,3535.0,Tracy Gibbs,Female,92.0,20.0,88.0,2.0,Medium,87.0,3.8,86.0,True
122,8030.0,David Hoffman,Male,91.0,17.0,78.0,0.0,Medium,85.0,4.6,72.0,True
123,3972.0,Robert Davis,Male,91.0,8.0,85.0,0.0,Low,80.0,0.5,83.0,True
124,7163.0,Patricia Greer,Female,85.0,30.0,78.0,1.0,Medium,90.0,3.9,86.0,True
125,1861.0,James Stewart,Male,78.0,22.0,78.0,2.0,Medium,78.0,3.3,81.0,False
126,7785.0,Brent Mendoza,Female,92.0,12.0,85.0,1.0,Medium,87.0,1.4,93.0,False
127,9633.0,Dawn Taylor,Female,85.0,25.0,60.0,3.0,High,80.0,1.0,63.0,True
128,5186.0,Larry Brown,Female,95.0,20.0,78.0,1.0,Low,62.0,0.9,74.0,True
129,9196.0,Miss Teresa Hernandez MD,Female,90.0,8.0,78.0,0.0,High,78.0,4.6,70.0,False
130,7626.0,Edward Baker,Female,88.0,20.0,60.0,1.0,Medium,68.0,4.0,89.0,False
131,6928.0,Diana Gould,Male,70.0,20.0,90.0,0.0,Low,62.0,2.6,75.0,False
132,6562.0,Amy Rodriguez,Male,95.0,10.0,85.0,2.0,Low,62.0,2.7,62.0,False
133,6752.0,Paul Hull,Male,92.0,20.0,65.0,2.0,High,68.0,3.0,98.0,True
134,3902.0,Allison Hamilton,Female,85.0,22.0,86.0,1.0,Low,88.0,3.2,89.0,False
135,6179.0,John King,Male,85.0,20.0,77.0,1.0,Low,85.0,4.0,87.0,True
136,6766.0,Tristan Avila,Male,88.0,17.0,77.0,1.0,High,90.0,4.2,54.0,True
137,9307.0,Connie Cooper,Female,85.0,22.0,70.0,1.0,Medium,88.0,3.3,70.0,False
138,9214.0,Judith Santos,Male,85.0,17.0,85.0,1.0,Low,87.0,2.5,61.0,True
139,5059.0,Michaela Powell,Female,85.0,12.0,70.0,3.0,High,90.0,2.5,76.0,False
140,7697.0,Lawrence Roberts,Female,91.0,15.0,88.0,2.0,Medium,87.0,2.8,74.0,False
141,5128.0,Nicholas Robinson DDS,Male,95.0,20.0,86.0,0.0,Medium,85.0,4.8,94.0,False
142,3112.0,Jill Smith,Male,88.0,12.0,60.0,1.0,High,72.0,0.5,92.0,False
143,9331.0,Michael Burns,Female,85.0,30.0,82.0,0.0,High,90.0,4.7,81.0,True
144,4711.0,Adam Weaver,Male,78.0,20.0,82.0,2.0,Low,72.0,4.2,83.0,True
145,6517.0,Melvin Mcgee,Male,91.0,8.0,65.0,0.0,High,88.0,4.0,60.0,False
146,1715.0,William Banks,Female,95.0,25.0,77.0,3.0,Medium,78.0,1.2,65.0,False
147,8684.0,Dawn Morton,Male,95.0,22.0,78.0,1.0,Medium,80.0,2.5,76.0,True
148,4271.0,Frank Dawson,Male,88.0,15.0,77.0,1.0,Low,87.0,3.6,83.0,True
149,5670.0,Gregory Davila,Male,78.0,18.0,77.0,2.0,High,62.0,0.5,64.0,False
150,6727.0,Rebekah Finley,Male,70.0,15.0,60.0,2.0,Medium,92.0,1.9,55.0,False
151,4678.0,Robert Martinez,Male,95.0,20.0,88.0,0.0,High,80.0,1.4,80.0,True
152,8685.0,Steven Crawford,Female,91.0,15.0,85.0,1.0,Medium,92.0,4.2,85.0,False
153,2821.0,Leslie King,Female,92.0,17.0,85.0,1.0,High,62.0,3.2,89.0,False
154,2029.0,George Cannon,Male,85.0,22.0,70.0,1.0,Low,72.0,2.9,95.0,True
155,5772.0,Adam Carlson,Female,85.0,22.0,88.0,3.0,Medium,62.0,0.9,92.0,True
156,9576.0,Stephanie Lawrence,Female,90.0,12.0,70.0,2.0,Low,72.0,0.1,80.0,True
157,6447.0,Adam Blackwell,Male,85.0,30.0,70.0,1.0,Low,68.0,4.2,93.0,False
158,8840.0,Andrew Owens,Male,78.0,20.0,77.0,1.0,Medium,92.0,0.2,62.0,True
159,6170.0,John Sexton,Female,82.0,8.0,70.0,1.0,Medium,80.0,3.8,76.0,False
160,4060.0,Leon Nguyen,Female,85.0,30.0,70.0,2.0,High,62.0,0.4,88.0,True
161,9937.0,John White,Female,95.0,20.0,85.0,1.0,Low,85.0,1.5,88.0,False
162,3730.0,Justin Martinez,Female,95.0,17.0,78.0,1.0,Low,62.0,1.4,100.0,True
163,2229.0,Nathaniel Kemp,Female,88.0,12.0,65.0,1.0,High,88.0,3.4,78.0,True
164,3068.0,Jacob Murray,Male,92.0,30.0,88.0,0.0,Low,80.0,3.0,93.0,False
165,7077.0,Anthony Green,Female,85.0,20.0,86.0,0.0,Low,90.0,2.0,91.0,False
166,5089.0,Trevor Freeman,Male,85.0,17.0,77.0,2.0,Medium,72.0,2.5,99.0,False
167,8311.0,Michael Smith,Male,91.0,18.0,77.0,3.0,High,68.0,4.3,78.0,True
168,8292.0,William Hogan,Male,95.0,30.0,85.0,2.0,Low,85.0,4.5,60.0,True
169,2208.0,Joshua Juarez,Male,95.0,20.0,77.0,1.0,Medium,72.0,1.7,99.0,True
170,3114.0,Keith Wu,Female,82.0,15.0,85.0,2.0,High,85.0,0.8,70.0,True
171,9234.0,Ronald Stewart,Male,91.0,22.0,65.0,0.0,Low,88.0,3.6,88.0,False
172,1674.0,Ronald Schmidt,Male,90.0,15.0,86.0,2.0,Low,92.0,3.8,76.0,True
173,9159.0,Courtney Bradley,Female,88.0,17.0,90.0,0.0,Medium,78.0,0.4,53.0,True
174,8202.0,Deanna Gonzalez,Female,85.0,17.0,90.0,1.0,Low,68.0,1.6,95.0,False
175,6658.0,Darrell Adams,Female,78.0,30.0,70.0,2.0,High,90.0,1.2,57.0,False
176,6123.0,Anthony Dunn,Male,78.0,17.0,78.0,1.0,Medium,85.0,2.5,55.0,False
177,5681.0,Jill Williams,Male,90.0,8.0,65.0,2.0,Low,90.0,3.8,73.0,True
178,7563.0,Julia Russell,Male,91.0,12.0,90.0,1.0,Low,85.0,0.4,82.0,False
179,4261.0,Tonya Thompson,Female,82.0,15.0,78.0,1.0,High,90.0,4.0,83.0,False
180,3440.0,Brandon Williamson,Male,95.0,17.0,88.0,0.0,Medium,62.0,2.5,69.0,False
181,9311.0,Joseph Davis,Female,91.0,18.0,78.0,1.0,Medium,90.0,3.4,76.0,False
182,1436.0,Elizabeth Andersen,Female,88.0,22.0,86.0,3.0,Low,80.0,2.9,60.0,False
183,3421.0,Jeffrey Meyers,Male,85.0,22.0,85.0,3.0,High,78.0,1.6,59.0,False
184,4340.0,Christopher Jones,Female,82.0,22.0,77.0,1.0,Low,68.0,2.6,85.0,False
185,8837.0,Aimee Rogers,Female,95.0,10.0,77.0,2.0,Medium,72.0,2.5,99.0,False
186,8932.0,Alexis Bates,Male,92.0,18.0,70.0,2.0,High,85.0,3.9,95.0,True
187,9011.0,Michael Evans,Female,85.0,30.0,70.0,2.0,Medium,87.0,2.5,76.0,False
188,7464.0,Omar Gonzalez,Female,78.0,18.0,78.0,2.0,Low,87.0,1.7,78.0,False
189,8849.0,Melissa Perry,Male,92.0,12.0,82.0,2.0,Low,85.0,0.7,89.0,True
190,4972.0,Dawn Torres,Male,82.0,25.0,90.0,1.0,High,62.0,1.7,80.0,True
191,3252.0,Timothy Dean,Male,82.0,17.0,60.0,1.0,Medium,92.0,3.8,68.0,False
192,5676.0,Anna Rollins MD,Male,90.0,22.0,90.0,2.0,Low,80.0,4.6,61.0,False
193,3880.0,Timothy Barrera,Male,70.0,17.0,65.0,2.0,High,80.0,1.5,76.0,True
194,6489.0,Susan Morris,Female,85.0,12.0,70.0,1.0,High,72.0,2.3,62.0,True
195,6417.0,Gordon Merritt,Male,85.0,18.0,65.0,1.0,Low,90.0,4.0,86.0,True
196,3875.0,Kristy Rhodes,Female,70.0,12.0,88.0,2.0,Medium,87.0,0.9,58.0,False
197,5285.0,Ms. Marissa Ramirez,Female,92.0,15.0,85.0,1.0,Medium,68.0,2.0,82.0,False
198,2923.0,Paul Hickman,Male,95.0,22.0,90.0,3.0,High,78.0,0.8,97.0,False
199,7813.0,Mrs. Kathy Woodward,Female,82.0,25.0,90.0,3.0,High,72.0,2.2,95.0,False
200,2279.0,Alexis Horn,Male,85.0,12.0,70.0,3.0,Low,72.0,0.7,70.0,False
201,2904.0,Shannon Harris DDS,Male,91.0,17.0,85.0,2.0,Medium,80.0,2.3,82.0,False
202,8484.0,Alicia Ortiz,Male,82.0,17.0,82.0,1.0,Medium,85.0,2.5,76.0,True
203,5703.0,Alexis Walton,Female,78.0,10.0,60.0,1.0,Medium,62.0,4.3,74.0,False
204,1372.0,Gina Palmer,Female,85.0,12.0,60.0,2.0,Medium,92.0,1.2,72.0,True
205,5516.0,Jean Moreno,Male,90.0,15.0,60.0,3.0,High,62.0,1.0,56.0,True
206,8314.0,David Anderson,Male,92.0,15.0,60.0,1.0,High,72.0,1.1,99.0,True
207,3295.0,Brian Huffman,Female,92.0,22.0,78.0,3.0,Low,90.0,1.2,59.0,True
208,7775.0,Jose Liu,Male,88.0,15.0,70.0,3.0,Low,68.0,3.1,77.0,False
209,1768.0,Cathy Pratt,Female,88.0,12.0,88.0,0.0,Medium,68.0,1.5,61.0,False
210,4948.0,Kathy Sandoval,Male,88.0,10.0,77.0,1.0,Low,62.0,4.8,85.0,True
211,7363.0,Michael Webb,Male,88.0,25.0,88.0,2.0,Medium,90.0,0.5,96.0,True
212,1844.0,Ronnie Taylor,Female,70.0,22.0,86.0,1.0,High,92.0,4.0,87.0,True
213,8854.0,Matthew Miller,Male,95.0,18.0,78.0,3.0,High,87.0,3.7,98.0,False
214,4974.0,Shelly Hurley,Male,70.0,25.0,70.0,1.0,Medium,62.0,2.3,91.0,False
215,6053.0,Mr. Martin Dominguez MD,Female,95.0,12.0,77.0,1.0,High,78.0,3.8,70.0,True
216,7073.0,Jennifer Wiggins,Female,70.0,17.0,86.0,3.0,Low,68.0,0.1,85.0,False
217,5836.0,Anthony Smith,Male,92.0,30.0,90.0,0.0,Low,92.0,2.5,91.0,False
218,5216.0,John Lopez,Female,85.0,17.0,65.0,1.0,High,68.0,3.6,81.0,True
219,9882.0,Nathan Rodgers,Male,82.0,15.0,85.0,1.0,High,62.0,0.7,90.0,True
220,2113.0,Martin Walker,Male,85.0,25.0,70.0,1.0,Medium,80.0,3.1,92.0,False
221,8993.0,Jesus Wood,Male,85.0,12.0,70.0,0.0,High,80.0,2.6,67.0,False
222,1280.0,Kelly Bell,Female,78.0,20.0,85.0,2.0,High,92.0,1.0,83.0,False
223,6807.0,Kathryn Randall,Female,70.0,20.0,88.0,0.0,Medium,88.0,1.2,94.0,True
224,5914.0,Sarah Norris,Male,85.0,20.0,60.0,0.0,Medium,72.0,2.4,90.0,True
225,3807.0,Matthew Adams,Male,85.0,8.0,78.0,3.0,High,72.0,4.6,64.0,True
226,8790.0,William Wade,Female,85.0,20.0,82.0,2.0,Low,80.0,0.9,70.0,True
227,4394.0,Brian Castro,Male,88.0,17.0,82.0,0.0,Low,92.0,2.8,74.0,False
228,7288.0,Teresa Sanders,Male,90.0,12.0,88.0,1.0,High,62.0,1.2,54.0,False
229,7499.0,Richard Oneal,Female,85.0,18.0,77.0,1.0,High,90.0,2.8,74.0,False
230,4043.0,Christine Cooper,Female,90.0,22.0,82.0,3.0,Low,87.0,0.4,59.0,False
231,3527.0,Michael Foster,Female,95.0,30.0,78.0,2.0,High,85.0,2.5,76.0,False
232,2674.0,Loretta Gonzalez,Male,90.0,10.0,60.0,1.0,Low,72.0,2.6,56.0,True
233,2468.0,Douglas Ingram,Female,82.0,20.0,86.0,3.0,Medium,62.0,0.1,76.0,False
234,2387.0,Randy Anderson,Male,91.0,12.0,65.0,0.0,High,68.0,1.3,67.0,False
235,3390.0,Donna Shaw,Male,78.0,8.0,82.0,0.0,Medium,78.0,3.9,73.0,False
236,5040.0,Joseph Holt,Female,91.0,22.0,90.0,1.0,High,68.0,2.5,75.0,False
237,7224.0,Taylor Acosta,Female,85.0,30.0,60.0,3.0,High,85.0,1.6,94.0,True
238,8848.0,Danielle Scott,Female,78.0,8.0,88.0,2.0,Low,78.0,4.8,100.0,True
239,1440.0,Cassandra Snyder,Female,92.0,17.0,82.0,2.0,Medium,62.0,0.7,69.0,True
240,5139.0,Kimberly Lambert,Male,70.0,8.0,85.0,1.0,Low,78.0,2.9,84.0,False
241,9907.0,Rebecca Mendoza DDS,Male,95.0,12.0,86.0,2.0,High,92.0,3.3,72.0,True
242,1725.0,Michael Anderson,Female,95.0,8.0,85.0,1.0,High,85.0,1.1,97.0,True
243,8303.0,Hannah Gentry,Female,70.0,17.0,86.0,2.0,High,90.0,5.0,80.0,True
244,5840.0,Patrick Reed,Female,90.0,20.0,65.0,1.0,Medium,90.0,2.3,63.0,False
245,6706.0,Tiffany Huff,Female,90.0,17.0,77.0,1.0,High,85.0,0.2,95.0,True
246,1370.0,Thomas Lee,Female,90.0,10.0,90.0,2.0,High,72.0,0.8,85.0,False
247,8570.0,Justin Clark,Male,70.0,10.0,65.0,1.0,Medium,80.0,3.7,62.0,False
248,8037.0,Michael Martinez,Female,85.0,25.0,90.0,2.0,Low,87.0,2.9,84.0,True
249,6993.0,Vincent Smith,Female,88.0,17.0,85.0,2.0,Low,78.0,2.6,90.0,False
250,7367.0,Sean Hull,Female,91.0,20.0,88.0,1.0,Medium,88.0,0.9,93.0,False
251,2388.0,Sarah Welch,Male,95.0,20.0,90.0,2.0,High,68.0,1.9,59.0,False
252,7852.0,Mr. Stephen Gilmore,Male,91.0,8.0,60.0,0.0,Medium,72.0,3.5,91.0,True
253,3733.0,Barry Parker,Female,88.0,10.0,65.0,1.0,Medium,88.0,2.5,72.0,True
254,8939.0,Joshua Kane,Male,92.0,8.0,70.0,2.0,Low,78.0,2.0,81.0,False
255,8272.0,Anthony Wright,Female,78.0,20.0,86.0,1.0,High,85.0,0.2,64.0,False
256,3755.0,Nathaniel Lopez,Female,91.0,17.0,70.0,2.0,High,88.0,0.6,99.0,False
257,9880.0,Darlene Fletcher,Male,85.0,12.0,90.0,0.0,High,92.0,1.5,76.0,False
258,5305.0,Christopher Moore,Female,90.0,17.0,85.0,3.0,High,88.0,3.4,95.0,False
259,3719.0,Benjamin White,Male,92.0,25.0,78.0,3.0,Medium,72.0,2.5,84.0,True
260,6302.0,Jenny Coleman,Female,88.0,22.0,82.0,1.0,Low,87.0,0.7,98.0,False
261,1971.0,Michael Gomez,Female,78.0,10.0,90.0,0.0,Low,90.0,4.1,98.0,False
262,9019.0,Caleb Serrano,Male,91.0,18.0,60.0,0.0,Medium,87.0,3.2,99.0,True
263,7600.0,William Carlson,Female,95.0,17.0,77.0,1.0,Low,80.0,4.3,96.0,True
264,8511.0,Timothy Pruitt,Female,90.0,12.0,60.0,3.0,Medium,92.0,2.5,70.0,False
265,6533.0,Mario Johnston,Male,91.0,17.0,88.0,1.0,High,87.0,3.1,79.0,True
266,3035.0,Rebecca Kim,Male,85.0,17.0,78.0,0.0,High,68.0,4.4,76.0,True
267,5489.0,Joyce Williams,Male,95.0,18.0,85.0,1.0,Low,68.0,0.3,90.0,False
268,4836.0,Cynthia Sloan,Female,90.0,20.0,78.0,1.0,Medium,87.0,0.7,64.0,False
269,3688.0,Patricia Williams,Female,95.0,25.0,65.0,0.0,Low,78.0,4.3,55.0,True
270,3293.0,Michael Payne,Male,91.0,8.0,88.0,0.0,Medium,68.0,1.2,91.0,True
271,5065.0,Brooke Friedman,Female,85.0,18.0,90.0,2.0,Low,72.0,0.9,75.0,False
272,1894.0,Daniel Mathis,Male,85.0,8.0,85.0,3.0,Medium,88.0,0.4,50.0,False
273,6185.0,Lynn Jennings,Male,70.0,22.0,60.0,1.0,Low,68.0,3.8,99.0,True
274,1273.0,Kimberly Randolph,Male,85.0,18.0,90.0,1.0,High,62.0,2.5,90.0,False
275,7939.0,Jack Simmons,Female,90.0,12.0,70.0,3.0,High,85.0,0.4,55.0,True
276,3545.0,Daniel Mendez,Female,70.0,22.0,85.0,2.0,Low,62.0,3.6,65.0,True
277,2956.0,Jason Horne DDS,Male,78.0,15.0,65.0,1.0,Medium,72.0,2.5,96.0,False
278,3735.0,Shawn Galloway,Female,78.0,18.0,85.0,1.0,Medium,62.0,1.4,54.0,False
279,2262.0,Thomas Barnes,Female,85.0,12.0,88.0,1.0,Medium,88.0,0.8,60.0,False
280,2685.0,Elizabeth Curry,Male,92.0,12.0,78.0,1.0,High,92.0,0.2,73.0,False
281,3458.0,Nicole Cunningham,Male,85.0,12.0,60.0,3.0,Medium,92.0,2.1,96.0,False
282,5444.0,Patrick Thompson,Male,91.0,30.0,85.0,2.0,Low,80.0,0.9,83.0,True
283,7568.0,Marissa Stewart,Male,85.0,18.0,82.0,1.0,High,72.0,2.3,73.0,True
284,5777.0,Melissa Wilson,Female,91.0,25.0,77.0,1.0,Low,78.0,5.0,99.0,True
285,6488.0,Mark Castillo,Male,70.0,18.0,85.0,3.0,Low,92.0,2.1,53.0,True
286,5584.0,Mr. Kent Stanton,Male,85.0,25.0,70.0,0.0,Low,90.0,2.3,97.0,True
287,2565.0,Tyrone Phillips,Male,70.0,20.0,86.0,3.0,High,62.0,3.3,58.0,True
288,5778.0,Christopher Collins,Female,95.0,8.0,88.0,1.0,Medium,85.0,1.2,62.0,True
289,8404.0,Christopher Mccullough,Female,85.0,18.0,85.0,2.0,High,85.0,4.1,94.0,True
290,4522.0,Carla Rodriguez,Female,78.0,20.0,90.0,1.0,Medium,72.0,0.2,69.0,False
291,3848.0,Makayla Howard,Male,70.0,17.0,70.0,2.0,High,87.0,2.3,100.0,True
292,2989.0,Barbara White,Male,85.0,25.0,65.0,3.0,Medium,90.0,3.4,91.0,True
293,5240.0,Sarah Davis,Male,85.0,20.0,90.0,1.0,High,87.0,4.5,76.0,True
294,1699.0,Cody Donovan,Female,85.0,10.0,86.0,0.0,Low,62.0,2.5,74.0,False
295,3831.0,Jessica Jenkins,Female,92.0,10.0,82.0,2.0,Medium,68.0,2.5,76.0,True
296,5835.0,Benjamin Alexander,Female,70.0,12.0,77.0,1.0,High,85.0,1.9,76.0,True
297,9614.0,Isaac Lopez,Male,82.0,15.0,60.0,1.0,Medium,72.0,3.9,72.0,False
298,7363.0,Ariana Morse,Female,78.0,15.0,88.0,3.0,High,80.0,4.5,99.0,False
299,1959.0,Brian Avery,Female,88.0,17.0,86.0,3.0,High,87.0,1.2,65.0,False
300,9743.0,Amy Lawson,Male,92.0,22.0,60.0,1.0,High,68.0,1.2,76.0,False
301,1462.0,Derek Choi,Female,91.0,22.0,65.0,3.0,High,78.0,2.7,61.0,False
302,1621.0,Paul Reese,Male,85.0,25.0,86.0,3.0,High,72.0,2.4,71.0,True
303,3137.0,Francisco Chang,Female,78.0,30.0,78.0,1.0,High,88.0,3.5,59.0,True
304,8157.0,Andrew Wilkerson,Female,95.0,10.0,70.0,3.0,Medium,92.0,3.3,61.0,False
305,6026.0,Brandon Alvarez,Female,78.0,10.0,78.0,3.0,Medium,88.0,0.2,88.0,False
306,4619.0,Gary Young,Male,85.0,10.0,88.0,2.0,High,90.0,4.9,60.0,True
307,6500.0,Jessica Wright,Female,85.0,18.0,90.0,3.0,Low,87.0,1.8,100.0,True
308,1020.0,Timothy Clements,Male,70.0,17.0,60.0,0.0,Medium,62.0,4.4,72.0,False
309,2661.0,Alexander Gordon DDS,Female,91.0,25.0,65.0,1.0,High,80.0,1.5,70.0,False
310,2715.0,James Martinez,Male,95.0,10.0,60.0,0.0,Low,87.0,2.7,55.0,False
311,8909.0,Francisco Williams,Male,70.0,10.0,86.0,0.0,High,80.0,0.5,63.0,True
312,7705.0,Jordan Brooks,Female,88.0,18.0,90.0,2.0,High,62.0,2.9,81.0,True
313,1893.0,Kurt Boyd,Female,85.0,8.0,85.0,2.0,Low,88.0,2.4,56.0,True
314,4390.0,Bryan Salazar,Male,88.0,20.0,77.0,2.0,Medium,62.0,2.4,92.0,False
315,2493.0,Mrs. Heather Roy,Female,78.0,30.0,60.0,1.0,High,78.0,0.2,78.0,False
316,4727.0,Kathleen Newton,Male,70.0,12.0,60.0,2.0,Low,78.0,2.9,65.0,False
317,5896.0,Julian Fox,Male,70.0,15.0,70.0,3.0,Low,88.0,3.4,89.0,True
318,2970.0,Kylie Hancock,Female,78.0,10.0,90.0,3.0,High,80.0,2.1,93.0,False
319,4308.0,Matthew Werner,Male,91.0,18.0,88.0,2.0,High,62.0,2.8,85.0,False
320,5525.0,Kelsey Bush,Female,85.0,22.0,86.0,2.0,Medium,87.0,2.1,59.0,True
321,2730.0,Brandon Dickerson,Male,88.0,12.0,88.0,0.0,Medium,62.0,3.3,86.0,False
322,1613.0,Jamie Allen,Male,88.0,8.0,65.0,3.0,Low,62.0,0.2,71.0,True
323,1807.0,Taylor Smith,Female,88.0,30.0,78.0,1.0,Medium,80.0,1.4,81.0,True
324,4734.0,Elizabeth Chavez,Male,88.0,17.0,88.0,2.0,Low,62.0,3.0,55.0,True
325,8237.0,Melissa Morris,Male,70.0,17.0,70.0,1.0,High,72.0,4.0,54.0,False
326,9303.0,Donna Hardin,Female,78.0,12.0,86.0,1.0,High,92.0,4.4,62.0,True
327,5087.0,Andrew Cook,Male,85.0,15.0,88.0,3.0,Medium,62.0,4.1,82.0,False
328,6640.0,Samuel Shaw,Male,88.0,20.0,82.0,1.0,Medium,80.0,0.8,86.0,True
329,4626.0,Mike Waters,Male,92.0,18.0,60.0,2.0,High,80.0,2.4,58.0,True
330,1138.0,Andrea Newman,Male,88.0,22.0,82.0,2.0,Medium,62.0,4.3,79.0,False
331,5631.0,Barry Jenkins,Female,90.0,17.0,85.0,1.0,Medium,90.0,4.3,76.0,False
332,4086.0,Laurie Johnson,Male,82.0,25.0,78.0,3.0,Medium,90.0,3.4,96.0,True
333,9148.0,John Coleman,Female,88.0,8.0,60.0,0.0,Low,80.0,2.9,86.0,True
334,6622.0,John Carter,Male,82.0,17.0,88.0,2.0,Medium,68.0,4.2,85.0,True
335,5813.0,Mr. Devon Garrett,Male,85.0,10.0,82.0,2.0,High,90.0,3.3,64.0,False
336,4659.0,Jill Kelly,Female,70.0,30.0,78.0,2.0,Low,85.0,2.5,76.0,False
337,1879.0,Richard Gonzalez,Male,85.0,25.0,70.0,2.0,Low,62.0,2.6,76.0,True
338,3470.0,Alex White,Male,92.0,30.0,60.0,3.0,Medium,68.0,1.6,95.0,True
339,2324.0,Michael Gonzales,Female,95.0,10.0,88.0,1.0,High,78.0,1.4,98.0,True
340,3595.0,John Williams,Female,90.0,10.0,86.0,1.0,Low,62.0,2.0,80.0,False
341,1076.0,Daniel Herrera,Male,82.0,25.0,88.0,1.0,Medium,72.0,1.0,93.0,True
342,1749.0,Ian Glass,Female,88.0,17.0,70.0,3.0,Low,62.0,2.2,93.0,True
343,6615.0,Heidi Simmons,Female,95.0,25.0,65.0,0.0,High,92.0,1.1,58.0,True
344,1359.0,Andrea Fuller,Male,90.0,30.0,78.0,0.0,Low,85.0,3.9,89.0,True
345,1785.0,David Dunlap,Male,85.0,15.0,85.0,0.0,Medium,62.0,0.6,66.0,False
346,3508.0,Antonio Mitchell,Male,85.0,18.0,60.0,2.0,Low,72.0,1.3,88.0,True
347,7862.0,Mariah Cole,Male,82.0,22.0,85.0,2.0,High,87.0,2.5,88.0,True
348,6416.0,Raymond Murillo,Male,85.0,15.0,85.0,2.0,Low,78.0,2.5,76.0,True
349,2659.0,Andrea Bradley,Female,92.0,17.0,82.0,2.0,Medium,80.0,0.5,61.0,True
350,6384.0,Tina Velazquez,Female,88.0,22.0,82.0,2.0,Medium,90.0,0.9,75.0,False
351,8479.0,Bonnie Callahan,Female,70.0,17.0,60.0,0.0,Medium,68.0,3.5,53.0,True
352,2699.0,Eric Scott,Female,91.0,17.0,86.0,1.0,High,88.0,1.9,72.0,True
353,9598.0,Michael Valenzuela,Male,95.0,12.0,70.0,1.0,High,62.0,3.3,65.0,False
354,6664.0,Robin Spears,Female,78.0,12.0,86.0,1.0,High,68.0,2.5,80.0,False
355,3709.0,David Owens,Male,85.0,30.0,90.0,1.0,Medium,80.0,2.5,85.0,False
356,2944.0,Elizabeth Clark,Female,85.0,20.0,78.0,0.0,High,72.0,2.7,55.0,False
357,9328.0,Beverly Fisher,Male,85.0,30.0,88.0,1.0,High,78.0,1.7,76.0,False
358,6952.0,Sarah Bailey,Female,90.0,20.0,90.0,1.0,Medium,90.0,4.1,68.0,False
359,2741.0,Kendra Ramirez,Male,78.0,17.0,65.0,0.0,High,85.0,3.1,62.0,True
360,7437.0,Diane Ross,Male,85.0,25.0,88.0,2.0,Medium,80.0,4.6,93.0,True
361,8381.0,Stephanie Mcfarland,Female,91.0,12.0,65.0,1.0,High,72.0,3.7,85.0,False
362,8912.0,Michelle Woods,Male,91.0,10.0,65.0,2.0,Medium,88.0,3.0,70.0,False
363,7859.0,David Ruiz,Male,88.0,8.0,88.0,2.0,Medium,68.0,0.7,88.0,False
364,9975.0,Jason Castro,Female,82.0,17.0,90.0,3.0,Low,85.0,3.4,93.0,True
365,3913.0,Kathleen Montgomery,Female,90.0,17.0,70.0,1.0,Low,88.0,4.7,95.0,False
366,9747.0,James Bennett,Female,70.0,17.0,70.0,2.0,High,62.0,0.7,92.0,True
367,4275.0,Kelsey Watkins,Female,78.0,17.0,82.0,0.0,High,85.0,1.0,76.0,True
368,6876.0,David Park,Female,90.0,22.0,70.0,3.0,Low,72.0,1.9,82.0,False
369,1769.0,Christopher Poole,Female,70.0,8.0,88.0,2.0,High,80.0,3.7,62.0,False
370,4695.0,Rebecca Baxter,Female,88.0,12.0,86.0,3.0,Low,92.0,1.5,61.0,True
371,4063.0,Virginia Daniel,Male,82.0,20.0,60.0,1.0,Medium,85.0,2.8,58.0,True
372,9037.0,Brett Barrett,Female,90.0,30.0,70.0,3.0,High,72.0,0.3,82.0,True
373,7814.0,Brandon Townsend,Female,90.0,30.0,90.0,3.0,Low,90.0,2.5,68.0,True
374,9691.0,Haley Robertson,Female,82.0,15.0,85.0,1.0,Medium,92.0,4.5,89.0,True
375,1653.0,Michelle Gonzalez,Female,70.0,20.0,60.0,2.0,Low,85.0,0.1,83.0,False
376,9426.0,Gary Holland,Female,85.0,17.0,82.0,3.0,Medium,72.0,0.4,56.0,True
377,9814.0,Felicia Howard,Male,90.0,25.0,90.0,0.0,High,92.0,2.7,94.0,False
378,2181.0,Sean Walker,Male,85.0,17.0,88.0,1.0,High,87.0,0.3,100.0,False
379,2154.0,Brianna Mills,Male,88.0,8.0,60.0,1.0,Low,62.0,2.2,51.0,False
380,2938.0,Michael Case,Male,91.0,20.0,86.0,1.0,Low,87.0,1.8,82.0,True
381,5748.0,Felicia Houston,Female,91.0,20.0,82.0,1.0,Medium,62.0,4.1,51.0,False
382,3561.0,Kevin Wilson,Male,78.0,8.0,70.0,2.0,Low,68.0,1.5,100.0,False
383,2877.0,Maurice Martinez,Male,91.0,15.0,70.0,1.0,Low,72.0,0.4,92.0,True
384,5107.0,Jonathon Perry,Male,92.0,22.0,77.0,1.0,Medium,68.0,3.4,65.0,True
385,6971.0,Rebecca Evans,Female,88.0,10.0,78.0,1.0,High,92.0,3.6,91.0,False
386,5533.0,Paul Williams,Female,78.0,30.0,77.0,1.0,Medium,90.0,3.9,81.0,True
387,3879.0,Tyler Boyer,Male,88.0,10.0,70.0,3.0,Medium,87.0,3.6,51.0,True
388,7637.0,Kristy Nichols,Male,85.0,12.0,82.0,2.0,Low,78.0,3.3,59.0,False
389,7430.0,Darren Martin,Male,91.0,18.0,65.0,1.0,Low,72.0,0.5,73.0,True
390,4913.0,Katelyn Morgan,Male,82.0,10.0,77.0,0.0,Medium,88.0,4.7,92.0,True
391,9485.0,Jesus Henson,Female,70.0,17.0,77.0,1.0,High,90.0,0.5,83.0,False
392,5314.0,Robin Stewart,Male,70.0,8.0,88.0,3.0,Low,87.0,2.6,74.0,True
393,9460.0,Lawrence Miller,Female,95.0,30.0,77.0,1.0,Low,80.0,2.5,76.0,False
394,3713.0,Ronnie White,Male,90.0,12.0,82.0,3.0,High,68.0,0.8,88.0,True
395,4773.0,John Fox,Female,95.0,20.0,77.0,1.0,Medium,92.0,3.0,91.0,False
396,1916.0,Daniel Scott,Male,88.0,10.0,70.0,0.0,Low,88.0,3.2,96.0,False
397,2778.0,Bethany Andersen,Male,92.0,17.0,70.0,0.0,High,88.0,0.5,80.0,True
398,9706.0,Tiffany Moore,Male,90.0,17.0,65.0,3.0,Low,80.0,4.5,99.0,False
399,9553.0,Sylvia Chavez,Female,95.0,15.0,70.0,0.0,High,78.0,3.9,74.0,False
400,2600.0,Gerald Reilly,Female,78.0,18.0,77.0,3.0,High,85.0,3.0,76.0,False
401,5223.0,Ashlee Wilcox,Male,85.0,15.0,86.0,2.0,High,72.0,0.0,91.0,True
402,6175.0,Lance Johnson,Female,95.0,20.0,65.0,0.0,Low,88.0,1.3,84.0,False
403,2642.0,Patrick Gonzalez MD,Male,82.0,8.0,88.0,2.0,Low,80.0,0.8,90.0,True
404,2492.0,Cole Gomez,Male,85.0,22.0,60.0,2.0,High,85.0,1.1,55.0,True
405,7296.0,Alejandro Gutierrez,Female,91.0,12.0,82.0,3.0,High,68.0,3.2,78.0,True
406,4304.0,Natalie Long,Female,92.0,15.0,86.0,2.0,Low,92.0,3.1,93.0,True
407,6893.0,Abigail Ingram,Male,85.0,10.0,85.0,2.0,Medium,90.0,3.3,75.0,True
408,9482.0,Eileen Lee,Male,90.0,20.0,70.0,2.0,Low,72.0,4.6,72.0,False
409,5530.0,Nancy Moore,Male,91.0,25.0,77.0,0.0,Low,80.0,1.3,76.0,True
410,2185.0,Melanie Wilson,Female,95.0,20.0,70.0,2.0,Low,88.0,1.3,78.0,False
411,8923.0,Gloria Henderson,Male,95.0,17.0,77.0,3.0,High,78.0,0.6,76.0,False
412,4610.0,Christopher Payne,Male,95.0,8.0,88.0,2.0,Low,80.0,3.5,66.0,True
413,5706.0,John Franklin,Male,70.0,30.0,85.0,2.0,High,78.0,1.6,63.0,False
414,3994.0,Angel Stout,Male,85.0,25.0,90.0,3.0,Medium,92.0,1.1,65.0,False
415,6167.0,Candace Kelly,Female,91.0,18.0,77.0,0.0,Medium,85.0,2.0,98.0,True
416,1887.0,Zachary Daniel,Female,85.0,12.0,78.0,2.0,Medium,62.0,4.3,99.0,True
417,8490.0,Angel Howard,Male,82.0,17.0,88.0,1.0,High,92.0,1.9,56.0,False
418,6924.0,Heather Hill,Female,78.0,12.0,78.0,3.0,Medium,78.0,4.8,71.0,False
419,4013.0,Heather Gamble,Male,70.0,25.0,60.0,1.0,Medium,62.0,1.4,61.0,True
420,4744.0,Sean Levine,Male,88.0,25.0,70.0,0.0,Medium,92.0,0.7,97.0,True
421,8749.0,Brian Diaz,Male,78.0,8.0,77.0,0.0,Low,72.0,2.7,70.0,False
422,5915.0,Catherine Koch,Female,82.0,22.0,78.0,0.0,High,68.0,0.3,66.0,False
423,1324.0,Anne Martin,Female,90.0,30.0,86.0,1.0,Low,88.0,3.2,84.0,True
424,5663.0,Mary Warren,Female,95.0,12.0,77.0,1.0,High,62.0,3.1,79.0,True
425,3745.0,Amanda Bryant,Female,70.0,22.0,86.0,0.0,High,87.0,0.8,64.0,False
426,6191.0,Joel Ford,Female,88.0,22.0,60.0,2.0,Medium,90.0,3.7,83.0,False
427,7782.0,Mark Miller,Male,78.0,15.0,65.0,3.0,Low,85.0,4.7,94.0,True
428,4450.0,Sarah Russell,Male,70.0,20.0,85.0,2.0,Medium,72.0,0.3,99.0,False
429,9584.0,Lisa Mitchell,Male,90.0,18.0,86.0,0.0,High,62.0,1.5,65.0,False
430,8260.0,William White,Male,78.0,12.0,65.0,1.0,High,90.0,4.3,70.0,False
431,8654.0,Jacqueline Garcia,Female,82.0,17.0,65.0,2.0,High,88.0,2.5,90.0,False
432,9576.0,Elizabeth Wright,Female,95.0,17.0,70.0,3.0,High,78.0,1.5,76.0,False
433,3551.0,Pamela Woods,Male,85.0,15.0,70.0,0.0,Medium,85.0,2.3,50.0,False
434,8816.0,Sydney Patterson,Female,85.0,8.0,82.0,3.0,High,80.0,2.7,62.0,False
435,8161.0,Lisa Johnson,Female,92.0,10.0,60.0,0.0,High,85.0,0.4,90.0,True
436,9464.0,Todd Jackson,Female,88.0,12.0,82.0,0.0,High,87.0,0.9,68.0,True
437,8460.0,Shelby Richards,Female,88.0,22.0,77.0,3.0,Medium,80.0,0.8,84.0,True
438,4046.0,Joseph Roberts,Male,88.0,18.0,65.0,1.0,Low,80.0,1.2,59.0,True
439,9086.0,Samantha Burton,Male,95.0,8.0,82.0,1.0,Medium,78.0,3.5,52.0,False
440,2314.0,Cynthia Mcdonald,Male,85.0,18.0,60.0,2.0,Low,78.0,0.9,66.0,False
441,1206.0,Kimberly Petty,Male,92.0,8.0,77.0,3.0,Low,80.0,1.0,97.0,True
442,9538.0,Joshua Carpenter,Male,85.0,8.0,82.0,1.0,High,80.0,3.7,85.0,True
443,5150.0,Jessica Fuller,Female,88.0,25.0,88.0,1.0,Low,92.0,4.9,65.0,False
444,6316.0,Andrea Barber,Male,78.0,18.0,86.0,2.0,Medium,92.0,0.0,52.0,False
445,3539.0,Brian Lyons,Female,90.0,25.0,65.0,1.0,High,88.0,1.7,98.0,True
446,1979.0,Tammy Fuentes,Female,78.0,12.0,85.0,0.0,Medium,92.0,2.5,85.0,False
447,8187.0,Robert Taylor,Male,85.0,8.0,88.0,0.0,Medium,80.0,2.4,78.0,False
448,9892.0,David Gonzalez,Female,92.0,22.0,65.0,2.0,Medium,80.0,3.7,67.0,True
449,2128.0,Steven Myers,Male,85.0,18.0,82.0,2.0,Medium,78.0,0.0,90.0,False
450,4039.0,Cassandra Perez,Male,91.0,30.0,86.0,3.0,Medium,87.0,3.3,84.0,False
451,4110.0,Jacqueline Eaton,Female,82.0,10.0,86.0,2.0,Medium,62.0,3.2,57.0,True
452,9572.0,Carrie Mccoy,Male,85.0,10.0,65.0,1.0,High,87.0,2.4,76.0,True
453,7366.0,Amy Fisher,Female,82.0,22.0,86.0,2.0,High,90.0,1.1,95.0,True
454,1214.0,Stephanie Reid,Male,85.0,20.0,77.0,1.0,Medium,72.0,3.7,76.0,False
455,1955.0,Reginald Hoover,Female,82.0,15.0,85.0,1.0,High,92.0,4.8,56.0,True
456,4784.0,Christina Russo,Female,92.0,25.0,70.0,3.0,Low,68.0,2.8,85.0,False
457,2728.0,Raymond Howell,Female,85.0,8.0,85.0,0.0,High,72.0,2.0,71.0,True
458,9747.0,Angela Perez,Female,95.0,30.0,70.0,1.0,Medium,62.0,3.8,77.0,False
459,4943.0,Charles Aguilar,Male,70.0,12.0,82.0,1.0,Medium,78.0,4.8,50.0,True
460,5660.0,Caitlyn Green,Male,82.0,10.0,82.0,1.0,Medium,92.0,2.5,70.0,True
461,5521.0,Ronald Davis,Male,90.0,15.0,77.0,1.0,High,68.0,1.3,87.0,True
462,4817.0,Melissa Lucas,Female,88.0,20.0,86.0,0.0,Low,92.0,3.7,96.0,False
463,8905.0,Heidi Leonard,Male,85.0,22.0,85.0,3.0,Low,85.0,0.2,86.0,False
464,7266.0,Richard Swanson,Male,88.0,12.0,78.0,1.0,Low,88.0,0.7,82.0,True
465,3509.0,Lauren Simpson,Male,70.0,17.0,86.0,3.0,Low,87.0,1.1,68.0,False
466,7529.0,Marissa Raymond,Male,78.0,10.0,77.0,2.0,High,78.0,2.0,86.0,True
467,9589.0,Joyce Bishop,Male,92.0,17.0,82.0,0.0,Medium,88.0,0.4,92.0,False
468,7939.0,Michael Kelly,Female,95.0,25.0,88.0,1.0,Low,80.0,3.8,60.0,False
469,8245.0,Peggy Hill,Male,85.0,15.0,90.0,3.0,Low,90.0,0.8,96.0,True
470,2841.0,Derrick Love,Male,88.0,22.0,65.0,2.0,High,90.0,3.5,57.0,False
471,8373.0,Laura Stevens,Female,85.0,30.0,90.0,2.0,High,92.0,2.7,98.0,False
472,9991.0,Terri Potter,Female,91.0,10.0,78.0,0.0,Low,72.0,0.2,60.0,True
473,5653.0,Veronica Saunders,Male,91.0,18.0,78.0,1.0,Low,80.0,0.3,92.0,False
474,8940.0,James Long,Male,78.0,25.0,70.0,1.0,Low,80.0,2.5,83.0,False
475,6465.0,Jennifer Dickson,Female,70.0,10.0,78.0,1.0,Low,90.0,1.8,69.0,True
476,9212.0,Alexa West,Female,85.0,18.0,60.0,1.0,Low,85.0,1.1,71.0,False
477,3248.0,Phillip Donovan,Male,70.0,12.0,86.0,3.0,Medium,92.0,2.9,77.0,False
478,6395.0,Monique King,Female,82.0,10.0,90.0,0.0,Low,72.0,3.4,62.0,True
479,6062.0,Karl Murray,Male,70.0,17.0,86.0,0.0,Medium,87.0,2.8,96.0,True
480,4016.0,Julia Brooks,Female,78.0,15.0,88.0,0.0,Medium,62.0,2.2,90.0,False
481,3489.0,Lauren Montgomery,Male,88.0,10.0,65.0,1.0,Low,88.0,1.3,86.0,True
482,4804.0,Nathan Wall,Male,85.0,30.0,85.0,1.0,High,72.0,4.2,80.0,False
483,4014.0,Kristin Macias,Female,85.0,17.0,65.0,0.0,High,92.0,0.2,98.0,True
484,5421.0,Samuel Smith,Female,92.0,25.0,90.0,2.0,High,80.0,4.3,81.0,False
485,9530.0,Bradley Stevens,Male,85.0,17.0,78.0,3.0,Low,72.0,2.0,97.0,True
486,7347.0,Morgan Hampton,Male,92.0,18.0,77.0,0.0,Medium,85.0,2.3,77.0,False
487,1893.0,Lori Carrillo,Male,85.0,17.0,85.0,2.0,High,68.0,3.9,94.0,True
488,7440.0,Samantha Novak,Female,95.0,17.0,78.0,0.0,Medium,88.0,4.5,62.0,False
489,2477.0,Audrey Robinson,Female,95.0,10.0,85.0,2.0,High,78.0,3.2,55.0,False
490,9383.0,Lindsey Kerr,Male,70.0,12.0,60.0,1.0,High,90.0,2.8,92.0,True
491,3656.0,Cynthia Nguyen,Male,78.0,15.0,60.0,2.0,Medium,78.0,1.4,61.0,True
492,9084.0,Matthew Stevenson,Male,92.0,22.0,77.0,1.0,Medium,78.0,0.4,88.0,True
493,5009.0,Rhonda White,Female,91.0,12.0,90.0,1.0,High,68.0,0.3,72.0,True
494,3381.0,Larry Ramsey,Male,91.0,22.0,82.0,1.0,High,80.0,0.5,61.0,True
495,5659.0,Kimberly Anderson,Male,85.0,22.0,88.0,1.0,High,85.0,1.6,74.0,True
496,8001.0,Brian Miles,Male,88.0,17.0,78.0,2.0,Low,62.0,1.6,76.0,True
497,4425.0,Kelly Baker,Male,90.0,22.0,70.0,2.0,Medium,88.0,4.7,95.0,False
498,7996.0,Wendy Miller,Female,88.0,12.0,86.0,3.0,Medium,68.0,3.1,81.0,False
499,9069.0,Michael Webster,Male,91.0,25.0,82.0,3.0,High,87.0,0.1,90.0,True
500,4396.0,Michelle Ryan,Female,70.0,15.0,88.0,1.0,Low,92.0,0.1,62.0,False
501,5168.0,Justin Jennings,Male,88.0,18.0,70.0,2.0,Medium,80.0,0.6,71.0,False
502,7488.0,Norma Ward,Male,78.0,25.0,88.0,1.0,Low,78.0,4.6,52.0,True
503,9779.0,Vincent Johnson,Male,92.0,22.0,78.0,1.0,High,68.0,1.4,51.0,False
504,7147.0,David Stone,Male,91.0,22.0,60.0,0.0,Low,87.0,4.3,98.0,False
505,6152.0,Amy Evans,Male,88.0,8.0,85.0,1.0,High,90.0,2.3,69.0,True
506,9192.0,Stephen Ramirez,Male,92.0,30.0,77.0,2.0,Medium,90.0,0.7,56.0,True
507,4361.0,Nicholas Baxter,Male,85.0,8.0,70.0,2.0,High,85.0,4.7,93.0,True
508,6460.0,Raymond Smith,Female,85.0,20.0,70.0,2.0,High,88.0,3.8,90.0,True
509,6257.0,Roy Johnson,Male,92.0,18.0,82.0,2.0,Medium,78.0,3.4,67.0,True
510,3580.0,Ryan Vasquez,Male,90.0,15.0,86.0,2.0,Low,87.0,2.5,72.0,False
511,5440.0,Justin Johnson,Male,88.0,22.0,90.0,0.0,High,85.0,3.1,71.0,False
512,8304.0,Kaylee Benjamin,Female,88.0,30.0,90.0,2.0,High,78.0,2.8,55.0,False
513,2593.0,Charles Murphy,Female,88.0,17.0,77.0,3.0,High,68.0,4.3,89.0,False
514,6954.0,Grant Henderson,Female,78.0,17.0,88.0,1.0,Medium,80.0,0.3,57.0,False
515,8842.0,Michael Woods,Female,78.0,18.0,88.0,3.0,Low,68.0,2.5,75.0,True
516,6339.0,Michael Kane,Male,88.0,12.0,77.0,0.0,Low,62.0,1.2,65.0,True
517,8903.0,Susan Benson,Female,90.0,30.0,90.0,3.0,Medium,62.0,2.8,71.0,True
518,3835.0,Timothy Armstrong,Male,91.0,17.0,85.0,3.0,Low,78.0,1.6,56.0,False
519,3886.0,Cindy Harvey,Female,70.0,20.0,86.0,2.0,Low,88.0,3.9,74.0,False
520,9098.0,Caitlin Carter,Male,90.0,25.0,65.0,3.0,Low,80.0,3.8,92.0,True
521,8421.0,Ricky Johnson,Female,70.0,22.0,86.0,1.0,High,92.0,3.4,70.0,False
522,5989.0,Bryan Hoover,Female,95.0,20.0,86.0,1.0,Low,72.0,2.0,58.0,False
523,2022.0,Elijah Wagner,Female,82.0,15.0,78.0,2.0,Medium,87.0,4.3,51.0,True
524,8073.0,Felicia Davis,Female,95.0,8.0,60.0,0.0,Medium,72.0,1.1,61.0,False
525,3278.0,Jonathan Hess,Male,82.0,8.0,88.0,0.0,Medium,85.0,5.0,76.0,True
526,3200.0,Michael Yoder,Male,90.0,15.0,65.0,1.0,Low,62.0,4.9,58.0,True
527,3248.0,Samantha York,Female,85.0,22.0,60.0,3.0,High,78.0,2.5,85.0,False
528,7303.0,Joanna Martinez,Female,92.0,10.0,60.0,3.0,High,88.0,2.5,96.0,True
529,9220.0,Penny Hopkins,Female,70.0,12.0,86.0,1.0,High,80.0,2.8,95.0,False
530,2854.0,Justin Foster,Female,90.0,17.0,78.0,2.0,Medium,72.0,0.4,89.0,True
531,5017.0,Jennifer Morgan,Female,90.0,12.0,86.0,2.0,Low,80.0,4.5,84.0,True
532,8681.0,Dalton Chen,Female,82.0,17.0,86.0,1.0,Medium,90.0,4.8,68.0,False
533,3744.0,Mrs. Amy Carney MD,Male,91.0,18.0,86.0,2.0,High,78.0,2.9,86.0,True
534,5780.0,Melissa Wang,Male,88.0,17.0,85.0,0.0,Low,87.0,4.3,67.0,False
535,8317.0,Cameron Bender,Female,78.0,17.0,90.0,1.0,High,72.0,4.3,71.0,True
536,6653.0,Daniel Solomon,Male,88.0,20.0,78.0,1.0,Medium,62.0,2.4,80.0,True
537,7222.0,Deanna Jones,Female,85.0,18.0,65.0,2.0,Medium,80.0,1.4,78.0,False
538,6172.0,Alicia Young,Male,90.0,12.0,88.0,0.0,Low,85.0,1.7,67.0,True
539,5183.0,Peter Figueroa,Female,85.0,25.0,86.0,3.0,Low,90.0,3.4,61.0,False
540,9972.0,Jacob Thompson,Male,85.0,20.0,78.0,0.0,High,72.0,0.5,76.0,False
541,4594.0,Jonathon Woodward,Female,88.0,25.0,78.0,1.0,Low,87.0,0.3,88.0,True
542,2995.0,Brian Hayes,Male,90.0,22.0,65.0,0.0,Low,88.0,4.0,61.0,True
543,5216.0,Cassandra Ryan,Male,90.0,18.0,78.0,0.0,Medium,90.0,5.0,76.0,False
544,3915.0,Terri Hayden,Female,90.0,17.0,90.0,3.0,Medium,68.0,3.2,56.0,True
545,9857.0,Taylor Burns,Female,92.0,22.0,85.0,1.0,Low,85.0,0.5,54.0,True
546,5105.0,Andrew Jimenez,Female,85.0,17.0,65.0,1.0,High,62.0,1.3,94.0,False
547,7411.0,Wendy King,Male,82.0,17.0,77.0,0.0,Medium,87.0,2.7,50.0,False
548,8898.0,Luis Carter,Male,91.0,12.0,88.0,1.0,Low,85.0,2.0,90.0,True
549,6985.0,Nicholas Jones,Female,90.0,17.0,78.0,3.0,High,72.0,0.2,74.0,True
550,5896.0,Tiffany Sanders,Female,90.0,30.0,77.0,2.0,Low,78.0,3.7,58.0,True
551,1268.0,Tina Knight,Male,95.0,15.0,88.0,1.0,Medium,87.0,1.1,76.0,False
552,9791.0,Brittany Andrews,Male,91.0,25.0,85.0,1.0,Low,68.0,2.4,51.0,False
553,1750.0,William Weber,Male,78.0,15.0,65.0,1.0,Medium,87.0,2.3,60.0,True
554,2742.0,Angela Ortiz,Male,85.0,22.0,86.0,3.0,High,92.0,2.1,97.0,False
555,6312.0,David Meyer,Male,88.0,12.0,65.0,1.0,High,62.0,3.0,71.0,True
556,3185.0,Travis Harrell,Male,91.0,8.0,65.0,1.0,Medium,87.0,0.0,61.0,True
557,5648.0,Craig Mccann,Female,85.0,10.0,90.0,0.0,Low,85.0,2.6,76.0,True
558,4144.0,Kelly Cohen,Male,82.0,20.0,86.0,1.0,Low,72.0,1.1,99.0,True
559,5528.0,David Diaz,Male,92.0,20.0,65.0,1.0,Medium,80.0,0.8,52.0,True
560,6966.0,Joseph Green,Female,92.0,8.0,82.0,1.0,Low,62.0,0.2,76.0,True
561,9804.0,Henry Johnson,Male,78.0,15.0,77.0,2.0,High,87.0,4.5,96.0,False
562,6340.0,Keith Wilson,Female,92.0,30.0,90.0,2.0,Medium,92.0,0.5,97.0,False
563,4276.0,Jordan Chase,Female,92.0,20.0,77.0,3.0,Medium,80.0,4.5,59.0,True
564,8454.0,Kayla Solomon,Male,70.0,30.0,65.0,1.0,Low,92.0,3.2,67.0,True
565,6503.0,Hayley Johnson,Male,85.0,22.0,78.0,2.0,High,87.0,4.3,79.0,False
566,3804.0,John Bender,Female,92.0,18.0,86.0,0.0,Low,88.0,4.5,86.0,True
567,2416.0,William Christian,Female,82.0,17.0,90.0,3.0,Medium,62.0,1.4,96.0,False
568,5041.0,Michael Willis,Male,95.0,8.0,86.0,3.0,Low,68.0,4.6,50.0,False
569,1724.0,James Simmons,Male,85.0,12.0,78.0,0.0,Low,62.0,2.4,94.0,True
570,8412.0,Christopher Sullivan,Male,92.0,17.0,70.0,1.0,Low,62.0,4.7,58.0,False
571,5846.0,Michelle Santos,Male,90.0,15.0,78.0,2.0,High,78.0,4.3,97.0,True
572,8452.0,Michael Walters,Female,78.0,8.0,65.0,1.0,Low,78.0,3.5,50.0,True
573,7305.0,Jason Anderson,Female,82.0,15.0,82.0,0.0,Medium,88.0,2.7,100.0,True
574,6989.0,James Hoover,Female,78.0,12.0,85.0,2.0,Low,92.0,0.7,71.0,True
575,9841.0,Julie Garza,Male,85.0,22.0,90.0,3.0,Medium,90.0,4.5,76.0,False
576,5540.0,Lisa Williams,Male,90.0,30.0,88.0,1.0,Medium,72.0,2.6,57.0,False
577,9714.0,Erica Thomas,Female,85.0,22.0,88.0,2.0,High,78.0,0.4,75.0,True
578,5724.0,Calvin Vargas,Male,90.0,10.0,82.0,2.0,Medium,68.0,2.5,63.0,True
579,5803.0,Molly Jones,Female,82.0,10.0,77.0,1.0,Medium,78.0,3.7,51.0,False
580,4097.0,Shannon Hogan,Male,85.0,17.0,70.0,1.0,Medium,88.0,1.7,91.0,False
581,8965.0,James Fields,Female,85.0,18.0,78.0,0.0,Medium,68.0,3.9,64.0,False
582,7093.0,Arthur Johnson,Female,85.0,10.0,88.0,2.0,Medium,68.0,3.1,60.0,False
583,3986.0,Collin Edwards,Male,78.0,10.0,90.0,2.0,High,90.0,2.9,78.0,False
584,7056.0,Kimberly Smith,Male,92.0,17.0,78.0,1.0,Medium,68.0,1.9,84.0,True
585,9743.0,Mr. Clinton Camacho,Female,90.0,15.0,60.0,1.0,High,78.0,4.6,76.0,True
586,9948.0,Taylor Moyer,Male,88.0,17.0,82.0,3.0,Medium,68.0,4.0,96.0,False
587,8306.0,David Jimenez,Female,90.0,30.0,78.0,3.0,Low,92.0,2.9,64.0,False
588,4206.0,Kyle Coleman,Male,90.0,17.0,77.0,2.0,Low,62.0,1.0,70.0,True
589,6915.0,Marvin Cardenas,Female,78.0,8.0,88.0,0.0,Medium,80.0,1.4,72.0,False
590,8300.0,Eddie Robertson,Male,92.0,17.0,60.0,1.0,Medium,68.0,4.0,77.0,False
591,2449.0,Christopher Taylor,Male,70.0,18.0,60.0,0.0,Low,78.0,3.6,98.0,True
592,4264.0,Brenda Bell,Male,70.0,18.0,70.0,1.0,High,85.0,4.2,69.0,False
593,8593.0,Ashley Nguyen,Male,85.0,15.0,65.0,2.0,Medium,78.0,0.6,92.0,False
594,7834.0,Michael Bailey,Male,85.0,25.0,78.0,2.0,Medium,78.0,5.0,54.0,False
595,8872.0,Maria Scott,Female,88.0,17.0,85.0,1.0,Low,88.0,0.1,66.0,True
596,1798.0,Karen Cruz,Female,88.0,12.0,85.0,2.0,High,68.0,3.8,88.0,True
597,9908.0,Jodi Taylor,Female,95.0,18.0,82.0,1.0,High,72.0,2.9,59.0,True
598,3243.0,Thomas Mcgrath,Female,95.0,17.0,60.0,1.0,High,87.0,1.1,82.0,True
599,3277.0,Kathy Bailey,Male,91.0,12.0,88.0,0.0,Low,85.0,0.1,57.0,True
600,3108.0,Karen Wolf,Male,92.0,18.0,65.0,3.0,High,87.0,2.1,98.0,True
601,2273.0,Mary Jones,Male,85.0,8.0,78.0,3.0,High,80.0,2.5,82.0,True
602,8685.0,Lisa Houston,Male,88.0,15.0,78.0,2.0,Low,80.0,3.8,100.0,True
603,4365.0,Ashley Jordan,Male,78.0,30.0,78.0,2.0,High,85.0,4.7,72.0,False
604,3630.0,Lonnie Williams,Male,82.0,22.0,85.0,2.0,Low,80.0,2.6,95.0,True
605,5617.0,Michael Poole,Male,82.0,15.0,85.0,3.0,Low,78.0,1.8,87.0,True
606,8203.0,David Martinez,Male,78.0,30.0,60.0,0.0,High,72.0,2.5,76.0,False
607,3025.0,Eduardo Miller,Female,90.0,12.0,65.0,1.0,Medium,85.0,2.8,52.0,True
608,6375.0,Kristine Williams,Female,88.0,8.0,82.0,1.0,Low,85.0,3.4,78.0,True
609,2723.0,Audrey Woods,Female,85.0,12.0,85.0,2.0,High,62.0,2.0,87.0,True
610,3764.0,Lauren Brown,Male,95.0,25.0,88.0,3.0,Low,62.0,0.6,77.0,False
611,5563.0,Stephanie Merritt,Female,70.0,30.0,77.0,3.0,Medium,78.0,2.6,59.0,False
612,2770.0,Rebecca Jones,Male,88.0,17.0,77.0,3.0,Low,68.0,0.1,97.0,True
613,2117.0,Isaiah Arnold,Female,85.0,10.0,60.0,3.0,Low,90.0,0.8,89.0,True
614,2253.0,Andrea Frey,Female,85.0,25.0,82.0,1.0,Medium,72.0,1.3,71.0,True
615,1517.0,Andrew Dudley,Female,90.0,8.0,77.0,1.0,Medium,78.0,2.3,52.0,True
616,5965.0,Kenneth Jones,Male,85.0,8.0,65.0,2.0,Low,62.0,2.4,57.0,False
617,9837.0,Jane Griffith,Female,85.0,12.0,65.0,2.0,High,62.0,1.3,87.0,False
618,6779.0,Jeff Phillips,Female,95.0,15.0,78.0,3.0,High,68.0,4.2,72.0,True
619,6591.0,Dawn Edwards,Female,90.0,8.0,88.0,1.0,Medium,90.0,0.3,65.0,True
620,4844.0,Paige Campbell,Female,91.0,20.0,85.0,2.0,High,90.0,0.8,84.0,False
621,1612.0,Belinda Kim,Female,70.0,22.0,70.0,0.0,Medium,80.0,3.5,87.0,True
622,6185.0,Christopher Cruz,Female,88.0,8.0,88.0,3.0,High,78.0,0.5,93.0,True
623,6504.0,Ruben Steele,Female,82.0,30.0,65.0,3.0,Medium,90.0,4.8,62.0,False
624,2234.0,Bradley Martinez,Male,88.0,18.0,78.0,2.0,Low,62.0,4.0,89.0,True
625,2552.0,Alison Williams,Female,88.0,20.0,86.0,2.0,Medium,62.0,1.0,100.0,True
626,5945.0,Scott Ferguson,Female,70.0,12.0,88.0,3.0,Medium,62.0,1.3,82.0,False
627,9971.0,David Brown,Male,85.0,12.0,65.0,3.0,Medium,92.0,3.3,97.0,False
628,7649.0,Renee Scott,Male,90.0,10.0,90.0,1.0,High,85.0,2.3,85.0,False
629,7914.0,Aimee Green,Male,92.0,10.0,82.0,0.0,High,85.0,3.9,67.0,True
630,1691.0,Ricky Jenkins,Female,85.0,15.0,85.0,1.0,Low,85.0,4.3,76.0,False
631,2479.0,Kelly Allen MD,Female,78.0,25.0,85.0,3.0,Low,72.0,4.7,83.0,False
632,9133.0,Sean Smith,Male,92.0,22.0,85.0,1.0,Medium,88.0,3.7,97.0,True
633,7928.0,Robert Johnson,Male,78.0,20.0,65.0,3.0,Medium,78.0,2.0,87.0,True
634,9034.0,Susan Russell,Female,90.0,30.0,70.0,0.0,Medium,92.0,4.8,100.0,True
635,6947.0,Ryan West,Female,95.0,18.0,78.0,3.0,High,80.0,3.5,100.0,True
636,5929.0,Christina Fitzgerald,Male,92.0,18.0,90.0,0.0,Medium,90.0,4.4,99.0,False
637,1555.0,Susan Roberson,Female,90.0,17.0,77.0,0.0,Medium,62.0,4.4,56.0,True
638,5275.0,Jessica Banks,Male,95.0,8.0,86.0,2.0,Low,62.0,2.3,51.0,True
639,4010.0,Jodi Rogers,Female,78.0,15.0,60.0,3.0,Low,85.0,1.6,55.0,True
640,3585.0,Michelle Clay,Male,82.0,10.0,86.0,0.0,Medium,78.0,2.4,97.0,True
641,5270.0,Jacob Bean,Male,91.0,30.0,82.0,3.0,High,62.0,1.8,75.0,False
642,4677.0,Robert Harper,Male,85.0,12.0,86.0,3.0,High,78.0,1.0,94.0,True
643,1231.0,Michelle Graham,Female,85.0,17.0,85.0,3.0,Low,92.0,1.0,100.0,False
644,5717.0,Seth Johnson,Female,70.0,10.0,60.0,3.0,Low,92.0,5.0,68.0,True
645,8506.0,Julia Sanchez,Male,85.0,17.0,65.0,1.0,Low,62.0,3.4,95.0,False
646,1745.0,Justin Sharp,Male,88.0,12.0,86.0,0.0,Medium,62.0,3.4,58.0,True
647,3938.0,Thomas Yoder,Female,88.0,12.0,77.0,1.0,Medium,68.0,0.4,95.0,False
648,3323.0,Christine Mullins,Female,90.0,30.0,78.0,0.0,Medium,85.0,3.7,77.0,False
649,5312.0,Timothy Mcbride,Female,82.0,30.0,60.0,0.0,Medium,78.0,3.8,59.0,False
650,1871.0,Deborah Reyes,Male,78.0,15.0,90.0,0.0,High,78.0,1.3,95.0,False
651,8150.0,Chad Downs,Male,85.0,15.0,78.0,1.0,Low,72.0,2.4,81.0,True
652,3425.0,William Hill,Male,95.0,20.0,90.0,2.0,High,68.0,2.5,67.0,True
653,1067.0,Makayla Rhodes,Male,70.0,20.0,90.0,1.0,Low,87.0,4.4,51.0,False
654,2998.0,Clayton Jones,Female,95.0,17.0,85.0,1.0,High,80.0,0.4,95.0,False
655,8439.0,Sean Hernandez,Female,91.0,15.0,88.0,1.0,Low,88.0,4.8,70.0,True
656,4463.0,Christine Young,Male,88.0,30.0,78.0,2.0,Low,88.0,1.9,75.0,False
657,3916.0,Brian Hale,Male,70.0,20.0,78.0,3.0,High,62.0,3.9,68.0,True
658,2975.0,Sandra Hart,Female,85.0,8.0,82.0,3.0,High,90.0,3.3,73.0,True
659,9021.0,Christine Curtis,Female,70.0,17.0,82.0,3.0,Low,62.0,0.5,77.0,False
660,4053.0,Tara Johnson,Female,70.0,20.0,78.0,2.0,Medium,78.0,3.4,91.0,True
661,9115.0,Stephanie Snyder,Male,88.0,17.0,60.0,2.0,Medium,85.0,0.7,76.0,False
662,5073.0,Miguel Leblanc,Female,88.0,22.0,78.0,2.0,High,80.0,2.6,82.0,False
663,7766.0,Christina Mcintyre,Male,85.0,22.0,82.0,1.0,Medium,88.0,0.4,82.0,True
664,2866.0,John Weber,Female,78.0,10.0,60.0,1.0,High,62.0,4.4,69.0,False
665,8454.0,Timothy Austin,Female,91.0,18.0,88.0,0.0,High,68.0,0.4,88.0,False
666,2742.0,Jeffrey Sullivan,Female,82.0,15.0,78.0,0.0,High,80.0,0.9,76.0,False
667,7637.0,Michael Noble,Female,88.0,22.0,86.0,1.0,Low,62.0,4.0,55.0,True
668,3213.0,Christine Shah,Male,92.0,20.0,78.0,3.0,High,92.0,2.4,59.0,True
669,8139.0,Lisa Maynard,Male,90.0,18.0,77.0,0.0,Medium,62.0,0.1,60.0,True
670,8295.0,Lisa Lynch,Female,85.0,15.0,77.0,3.0,High,92.0,1.5,75.0,True
671,6469.0,Angela Warren,Male,90.0,8.0,60.0,1.0,Low,88.0,3.0,85.0,False
672,1606.0,Mary Benson,Female,70.0,17.0,70.0,3.0,Low,62.0,4.7,81.0,True
673,1994.0,Yvonne Krueger,Male,70.0,22.0,88.0,2.0,High,85.0,4.5,76.0,False
674,2915.0,Keith Bailey,Female,91.0,30.0,77.0,0.0,High,68.0,1.4,62.0,False
675,6633.0,Barbara Case,Female,92.0,12.0,90.0,3.0,Low,90.0,4.6,95.0,False
676,3148.0,Jamie Torres,Female,70.0,8.0,88.0,1.0,High,88.0,1.0,94.0,True
677,8911.0,Justin Jacobs,Male,78.0,25.0,65.0,3.0,Medium,87.0,4.0,81.0,False
678,4845.0,Kevin Reynolds,Male,82.0,15.0,78.0,1.0,Medium,90.0,3.4,61.0,True
679,2043.0,Michelle Kelly,Female,70.0,20.0,86.0,3.0,High,72.0,1.1,66.0,False
680,6820.0,Terry Hernandez,Male,82.0,18.0,65.0,2.0,Low,87.0,3.5,78.0,False
681,2817.0,Aaron Duarte,Male,91.0,22.0,85.0,2.0,High,72.0,0.5,90.0,True
682,4365.0,Micheal Perez,Female,78.0,18.0,77.0,2.0,Medium,87.0,0.8,73.0,False
683,3257.0,Troy Bradford,Male,92.0,17.0,60.0,1.0,High,78.0,1.7,82.0,True
684,2396.0,Bobby Wilkinson,Female,95.0,8.0,88.0,3.0,High,72.0,2.1,64.0,True
685,8025.0,Juan Lopez,Female,88.0,17.0,70.0,1.0,High,78.0,0.7,50.0,True
686,2389.0,Virginia Medina,Female,88.0,8.0,65.0,0.0,High,62.0,3.8,92.0,True
687,1947.0,Leah Holmes,Female,70.0,8.0,78.0,2.0,Low,90.0,4.5,50.0,False
688,9647.0,Todd Brooks,Male,70.0,17.0,90.0,2.0,Low,88.0,3.3,94.0,False
689,7627.0,Madeline Rush,Male,88.0,20.0,78.0,2.0,Medium,62.0,3.6,97.0,True
690,1383.0,Nicole Frederick,Male,82.0,22.0,82.0,3.0,Medium,62.0,4.9,57.0,True
691,7110.0,Jason Adams,Female,82.0,30.0,85.0,1.0,Low,87.0,2.2,76.0,True
692,8424.0,Mallory Fletcher,Female,92.0,22.0,86.0,2.0,Low,92.0,1.8,68.0,True
693,7187.0,David Cummings,Male,90.0,30.0,70.0,3.0,High,90.0,2.3,59.0,False
694,7751.0,Kelly Suarez,Male,90.0,15.0,60.0,0.0,Medium,92.0,2.2,73.0,False
695,9502.0,Drew Morse,Male,88.0,22.0,77.0,0.0,Medium,78.0,3.7,76.0,True
696,3364.0,Lauren Stephens,Male,85.0,17.0,65.0,2.0,Low,87.0,3.5,79.0,False
697,1534.0,Penny Miller,Male,82.0,30.0,85.0,3.0,Medium,87.0,0.6,86.0,False
698,1659.0,Paula Stewart,Male,90.0,30.0,82.0,1.0,Medium,85.0,2.4,100.0,True
699,3328.0,Jonathan Johnson,Female,85.0,18.0,82.0,3.0,High,78.0,0.0,85.0,False
700,2106.0,Laura Ross,Male,70.0,17.0,86.0,2.0,Low,78.0,4.5,100.0,False
701,8786.0,Brandy Wilson,Male,78.0,12.0,77.0,1.0,Low,78.0,0.7,96.0,False
702,2463.0,Brittany Briggs,Female,70.0,25.0,60.0,1.0,Low,80.0,4.8,78.0,False
703,2450.0,Carl Coleman,Male,85.0,22.0,82.0,2.0,Low,87.0,3.2,55.0,True
704,9877.0,Crystal Chandler,Male,91.0,12.0,90.0,1.0,Low,80.0,0.6,84.0,True
705,1310.0,Elizabeth Nichols,Female,92.0,25.0,86.0,1.0,High,80.0,3.0,75.0,True
706,9052.0,Jesse Barber,Male,95.0,17.0,65.0,0.0,High,72.0,1.6,66.0,True
707,2878.0,Julie Jackson,Male,82.0,10.0,82.0,0.0,High,85.0,3.8,59.0,False
708,7672.0,Cindy Morales,Male,85.0,22.0,88.0,0.0,High,80.0,1.5,56.0,False
709,9076.0,Ashley Franco,Female,90.0,18.0,78.0,1.0,Medium,72.0,2.0,76.0,True
710,7676.0,Kimberly Calderon,Male,85.0,18.0,70.0,3.0,Low,87.0,1.2,85.0,True
711,5990.0,Lisa Brooks,Female,85.0,20.0,70.0,3.0,High,90.0,2.7,60.0,True
712,9806.0,Destiny Todd,Female,82.0,17.0,78.0,1.0,Medium,88.0,1.4,60.0,True
713,1985.0,Dawn Luna,Female,88.0,22.0,78.0,1.0,Medium,92.0,2.9,82.0,False
714,1745.0,Jacob Yoder,Male,82.0,22.0,85.0,2.0,High,62.0,3.5,58.0,False
715,8077.0,Martha Moody,Male,91.0,12.0,88.0,1.0,Low,85.0,4.9,95.0,False
716,5473.0,James Torres,Male,95.0,30.0,90.0,1.0,Low,90.0,0.1,94.0,True
717,2270.0,Shelly Stuart,Male,85.0,20.0,88.0,0.0,Low,90.0,1.9,99.0,True
718,3044.0,Julie Williams,Female,95.0,25.0,77.0,1.0,High,80.0,3.8,93.0,False
719,4137.0,Tamara Jones,Male,91.0,18.0,90.0,3.0,Medium,90.0,0.2,81.0,True
720,1116.0,Todd Orozco,Male,70.0,20.0,78.0,3.0,Low,78.0,0.9,62.0,True
721,2070.0,Jeffrey Torres,Male,90.0,10.0,82.0,3.0,High,72.0,3.6,67.0,True
722,1378.0,Chad Colon,Female,82.0,17.0,78.0,1.0,Low,80.0,2.5,76.0,False
723,7666.0,Alan Williams,Female,90.0,12.0,77.0,1.0,Medium,72.0,3.8,96.0,True
724,1769.0,Cameron Austin,Female,88.0,12.0,77.0,1.0,High,62.0,1.0,55.0,True
725,4696.0,Dawn Nguyen,Female,90.0,25.0,90.0,0.0,Medium,85.0,0.3,90.0,True
726,1456.0,Andrea Phillips,Female,70.0,15.0,86.0,1.0,Medium,92.0,0.5,65.0,False
727,1891.0,Robert Bishop,Female,88.0,17.0,85.0,3.0,Low,78.0,3.8,90.0,False
728,3045.0,Melanie Mckinney,Male,85.0,15.0,60.0,1.0,Low,87.0,3.9,53.0,False
729,1897.0,Joseph Ellis,Female,91.0,8.0,85.0,2.0,Low,80.0,2.8,68.0,False
730,7581.0,Jennifer Smith,Male,91.0,8.0,90.0,3.0,Low,88.0,0.1,74.0,False
731,8014.0,Vickie Holloway,Male,95.0,15.0,77.0,2.0,Medium,88.0,1.0,56.0,True
732,2106.0,Nancy Munoz,Male,91.0,10.0,70.0,2.0,Medium,62.0,2.4,89.0,False
733,6098.0,Amber Gray,Male,78.0,17.0,82.0,3.0,Medium,85.0,1.8,50.0,True
734,1939.0,Christian Barr,Male,82.0,12.0,78.0,0.0,Medium,92.0,4.9,90.0,True
735,2120.0,Kimberly Harrison,Male,92.0,17.0,77.0,3.0,Low,90.0,4.3,76.0,False
736,5909.0,Mark Fleming,Female,95.0,10.0,85.0,1.0,High,78.0,1.1,76.0,True
737,4772.0,Felicia Carpenter,Female,88.0,25.0,90.0,1.0,Low,90.0,4.0,74.0,True
738,7558.0,Rebecca Kelly,Male,85.0,30.0,78.0,2.0,Medium,80.0,2.8,59.0,False
739,8215.0,Aaron Walls,Male,91.0,30.0,78.0,1.0,High,92.0,1.4,64.0,False
740,3855.0,Mark King,Female,82.0,25.0,65.0,3.0,High,68.0,4.2,56.0,True
741,3248.0,James Macdonald,Female,90.0,30.0,90.0,2.0,Medium,92.0,1.8,73.0,True
742,9633.0,Alexander Thompson,Female,90.0,20.0,65.0,0.0,High,92.0,2.7,94.0,False
743,6209.0,Kaitlin Walton,Female,92.0,17.0,86.0,3.0,High,72.0,1.5,59.0,False
744,5049.0,Ashley Kaufman,Male,88.0,10.0,70.0,3.0,Medium,92.0,3.6,100.0,False
745,2062.0,Megan Bernard,Male,82.0,8.0,70.0,1.0,Medium,72.0,2.3,70.0,False
746,9609.0,Kelly Harper,Female,85.0,17.0,82.0,3.0,Medium,88.0,3.2,63.0,True
747,4325.0,Daniel White,Female,92.0,8.0,90.0,2.0,Medium,62.0,2.9,73.0,False
748,2388.0,Justin Castro,Male,90.0,18.0,77.0,2.0,Medium,92.0,2.9,79.0,False
749,7981.0,John Odonnell,Female,85.0,8.0,60.0,1.0,Medium,90.0,1.4,51.0,True
750,8236.0,Whitney Tapia,Male,88.0,20.0,88.0,2.0,Medium,72.0,2.6,91.0,True
751,5096.0,Jeremy Shields,Female,88.0,25.0,86.0,0.0,Low,72.0,4.6,50.0,False
752,5617.0,Matthew Davies,Female,70.0,8.0,86.0,1.0,Medium,72.0,4.9,59.0,False
753,4728.0,Christine Hamilton,Male,92.0,17.0,90.0,2.0,Low,72.0,3.8,96.0,False
754,6581.0,Crystal Proctor,Male,95.0,25.0,60.0,0.0,High,78.0,2.2,85.0,True
755,7608.0,Victoria Mcbride,Female,95.0,22.0,78.0,3.0,High,68.0,0.8,71.0,False
756,7247.0,Ellen Cross MD,Male,70.0,20.0,70.0,0.0,High,78.0,0.5,76.0,False
757,5991.0,David Stevens,Male,88.0,20.0,70.0,0.0,High,88.0,2.4,61.0,True
758,2138.0,Frank Brown DDS,Female,88.0,25.0,90.0,2.0,Low,72.0,0.3,53.0,False
759,2126.0,Deborah Barajas,Female,88.0,10.0,90.0,2.0,Medium,78.0,0.8,76.0,False
760,4325.0,Richard Howard Jr.,Male,88.0,25.0,78.0,0.0,Medium,87.0,4.1,88.0,True
761,9615.0,Anita Dougherty,Female,91.0,17.0,77.0,1.0,Low,80.0,3.7,68.0,False
762,6681.0,Alicia Watson,Female,70.0,22.0,65.0,0.0,High,68.0,4.5,96.0,False
763,8501.0,Deborah Hunter,Female,78.0,22.0,85.0,0.0,Low,80.0,1.2,60.0,False
764,9810.0,Morgan Gilbert,Female,90.0,25.0,77.0,0.0,Low,87.0,5.0,54.0,True
765,9264.0,Taylor Crawford,Female,70.0,17.0,65.0,2.0,High,72.0,0.2,51.0,True
766,6359.0,Cory Rosario DDS,Female,85.0,17.0,85.0,2.0,Low,92.0,3.6,78.0,True
767,3759.0,Kyle Perez,Male,85.0,18.0,65.0,1.0,Medium,68.0,1.1,52.0,True
768,8242.0,Kelly Gibson MD,Male,82.0,20.0,60.0,2.0,Medium,80.0,3.0,53.0,False
769,4305.0,Angela Garcia,Male,95.0,25.0,90.0,2.0,High,62.0,0.1,50.0,False
770,4148.0,Dylan Vaughan,Male,92.0,20.0,65.0,0.0,High,62.0,2.6,70.0,False
771,4105.0,Kevin Santiago,Male,82.0,8.0,60.0,2.0,High,92.0,0.5,70.0,True
772,1245.0,Terry Rodriguez,Female,95.0,15.0,60.0,3.0,Medium,92.0,0.3,67.0,False
773,1719.0,Chad Mason,Male,92.0,8.0,82.0,3.0,Medium,87.0,3.6,100.0,True
774,5127.0,Jessica Ferguson,Male,91.0,30.0,60.0,0.0,Medium,68.0,3.2,94.0,False
775,8899.0,Andrew Schroeder,Male,95.0,17.0,86.0,3.0,Medium,62.0,2.6,97.0,True
776,9248.0,Jeffrey Garcia,Male,88.0,15.0,86.0,1.0,Medium,92.0,3.7,98.0,True
777,2300.0,Jason Hood,Male,78.0,30.0,77.0,2.0,High,68.0,1.9,91.0,True
778,4900.0,Sandra Leon,Female,88.0,10.0,78.0,1.0,Low,80.0,2.6,76.0,False
779,1388.0,Tyler Mccormick,Male,95.0,30.0,90.0,3.0,Low,80.0,4.5,92.0,True
780,4644.0,Megan Murphy,Female,82.0,30.0,65.0,1.0,Low,80.0,0.3,81.0,True
781,4153.0,Charles Vincent,Male,78.0,17.0,65.0,2.0,High,88.0,2.7,100.0,True
782,4871.0,Mrs. Cindy Sharp DVM,Male,70.0,17.0,82.0,1.0,Low,92.0,1.2,61.0,True
783,7188.0,Sarah Dixon,Male,85.0,17.0,60.0,2.0,Low,62.0,3.8,76.0,False
784,1324.0,Teresa Rodriguez,Female,70.0,20.0,82.0,3.0,Low,68.0,2.8,61.0,False
785,7233.0,Shannon Spencer,Female,88.0,17.0,82.0,0.0,Low,88.0,2.4,71.0,True
786,8688.0,Darlene Tapia,Male,78.0,25.0,78.0,1.0,Low,90.0,2.5,76.0,False
787,7113.0,Ryan Ball,Female,85.0,18.0,86.0,2.0,Medium,80.0,5.0,57.0,False
788,3660.0,Anita Berger,Male,70.0,18.0,88.0,2.0,Low,78.0,3.2,73.0,True
789,7313.0,Tom Bradley,Male,92.0,25.0,77.0,1.0,Medium,80.0,3.5,91.0,True
790,5281.0,Melinda Cummings,Female,78.0,18.0,90.0,3.0,Low,68.0,0.1,99.0,True
791,7297.0,Melissa Donaldson,Female,91.0,20.0,70.0,3.0,Medium,68.0,4.1,66.0,False
792,9202.0,Charles Pearson,Female,91.0,18.0,60.0,2.0,High,62.0,3.9,72.0,True
793,5407.0,Isaiah Moore,Male,70.0,18.0,78.0,0.0,Medium,80.0,0.5,99.0,False
794,9600.0,Jonathan Ramirez,Male,88.0,8.0,65.0,0.0,Medium,68.0,3.5,62.0,False
795,3981.0,Mrs. Melanie Mueller,Male,85.0,22.0,90.0,0.0,High,80.0,3.7,98.0,True
796,5249.0,Ms. Heather Dean,Female,85.0,22.0,85.0,0.0,High,85.0,0.4,57.0,False
797,2052.0,David Malone,Female,85.0,22.0,90.0,1.0,Medium,87.0,0.0,67.0,True
798,1685.0,Melissa Brown,Male,92.0,12.0,78.0,0.0,Low,72.0,4.9,98.0,False
799,8961.0,Jason Woods,Female,95.0,22.0,60.0,1.0,Medium,90.0,5.0,65.0,False
800,7528.0,Rachel Diaz,Female,91.0,15.0,88.0,1.0,High,80.0,2.3,94.0,False
801,3275.0,Michael Jones,Male,91.0,20.0,70.0,2.0,Low,92.0,1.8,89.0,False
802,9436.0,Taylor Mcgee,Female,92.0,15.0,88.0,1.0,Low,90.0,4.4,97.0,False
803,8279.0,Christopher Ray,Male,91.0,17.0,60.0,3.0,High,90.0,2.1,80.0,True
804,7305.0,Alyssa Berg MD,Female,91.0,25.0,65.0,1.0,Low,80.0,0.2,81.0,True
805,2465.0,Dr. James Henry DDS,Male,70.0,15.0,65.0,1.0,Medium,85.0,1.1,66.0,False
806,3016.0,James Stevens,Male,82.0,17.0,85.0,1.0,High,88.0,3.8,88.0,True
807,6623.0,Kevin Marquez,Female,70.0,12.0,60.0,3.0,High,85.0,0.6,55.0,True
808,2460.0,Colleen Porter,Female,91.0,25.0,85.0,3.0,Medium,68.0,4.3,74.0,True
809,6092.0,Christian Odom,Male,91.0,12.0,90.0,0.0,Medium,90.0,3.9,93.0,True
810,9515.0,Calvin Macias,Male,90.0,8.0,78.0,2.0,Medium,90.0,0.7,68.0,True
811,9189.0,Kim Fischer,Female,78.0,22.0,82.0,0.0,Low,80.0,3.0,69.0,True
812,5480.0,Travis Schultz,Female,92.0,17.0,82.0,0.0,High,90.0,0.8,95.0,True
813,4687.0,Bonnie Morris,Male,78.0,17.0,60.0,2.0,Low,68.0,5.0,85.0,False
814,9978.0,Paul Poole,Female,90.0,10.0,88.0,3.0,High,85.0,2.3,60.0,True
815,8239.0,Richard Perez,Female,88.0,10.0,90.0,3.0,Low,92.0,3.7,50.0,False
816,2670.0,Bernard Whitaker,Male,70.0,8.0,65.0,1.0,High,90.0,4.9,61.0,True
817,2922.0,Melinda Miller,Female,91.0,8.0,65.0,0.0,High,80.0,0.6,75.0,False
818,5959.0,Christina Gonzales,Male,70.0,20.0,77.0,0.0,Medium,78.0,1.8,57.0,True
819,2353.0,Maria Gray,Male,85.0,12.0,90.0,1.0,Low,88.0,4.9,76.0,False
820,2549.0,Mary Bennett,Male,70.0,17.0,60.0,2.0,Low,68.0,0.5,54.0,True
821,7640.0,Dr. Erik Pineda,Male,70.0,12.0,70.0,2.0,Medium,87.0,2.6,87.0,True
822,4399.0,Sandra Burns,Male,78.0,22.0,65.0,1.0,Low,78.0,4.0,57.0,True
823,3110.0,Patricia Hunt,Male,78.0,20.0,70.0,2.0,High,87.0,4.9,76.0,False
824,6956.0,Erika Kennedy,Male,70.0,15.0,90.0,2.0,High,72.0,4.5,68.0,False
825,4884.0,Tanya Bowen,Male,92.0,10.0,82.0,3.0,Medium,88.0,2.8,87.0,False
826,5544.0,Rhonda Davenport,Male,91.0,8.0,85.0,2.0,Medium,85.0,1.9,60.0,False
827,8472.0,Cheryl Brown,Male,88.0,8.0,65.0,2.0,High,87.0,3.1,67.0,True
828,7097.0,Angela Bridges,Male,70.0,10.0,88.0,0.0,Medium,80.0,4.8,65.0,True
829,5425.0,Brandon Rasmussen,Male,82.0,20.0,70.0,0.0,High,90.0,3.2,73.0,False
830,5476.0,Ryan Beltran,Male,92.0,18.0,78.0,1.0,Medium,92.0,1.9,56.0,True
831,3879.0,Allison Novak,Female,91.0,17.0,85.0,2.0,Medium,88.0,4.3,85.0,False
832,3090.0,Kirsten Davis,Female,85.0,12.0,78.0,0.0,High,62.0,2.8,76.0,True
833,7064.0,Paige Turner,Male,91.0,8.0,77.0,0.0,Medium,62.0,4.0,82.0,False
834,5519.0,Aimee Christensen,Female,88.0,25.0,82.0,2.0,Medium,62.0,3.9,55.0,True
835,2256.0,Jessica Howard,Male,90.0,10.0,86.0,1.0,High,85.0,2.8,81.0,True
836,7946.0,Lisa Zhang,Male,85.0,17.0,70.0,2.0,Low,87.0,2.0,89.0,True
837,1119.0,Jonathan Daniel,Female,88.0,30.0,90.0,2.0,Low,88.0,0.2,78.0,True
838,9577.0,Cheyenne Oliver,Male,78.0,17.0,88.0,0.0,Medium,90.0,4.8,77.0,False
839,7211.0,Brianna Henderson,Male,95.0,20.0,88.0,3.0,Low,87.0,1.5,80.0,False
840,5337.0,Mark Sanchez,Male,85.0,22.0,60.0,3.0,Medium,72.0,4.1,52.0,False
841,8999.0,Melissa Nguyen,Male,95.0,15.0,86.0,1.0,Medium,85.0,1.8,50.0,False
842,4050.0,Jeff Carney,Male,95.0,15.0,85.0,0.0,Medium,92.0,0.4,82.0,True
843,7729.0,Tammy Tanner,Male,88.0,15.0,65.0,2.0,Medium,78.0,2.0,69.0,False
844,8017.0,Donna Robinson,Male,88.0,18.0,85.0,1.0,Low,78.0,0.8,72.0,False
845,1095.0,Eric Wilson,Female,92.0,20.0,90.0,2.0,High,68.0,2.0,97.0,False
846,1517.0,Linda Armstrong,Male,92.0,17.0,82.0,2.0,Medium,78.0,2.8,93.0,True
847,6322.0,Russell Jones,Female,82.0,8.0,65.0,1.0,High,80.0,0.6,72.0,True
848,4874.0,Darlene Burton,Male,95.0,8.0,86.0,1.0,Medium,78.0,1.4,81.0,True
849,8027.0,Faith Johnson,Male,91.0,10.0,70.0,0.0,High,85.0,3.8,66.0,True
850,8031.0,Nathan Miller,Male,85.0,20.0,70.0,3.0,High,92.0,5.0,87.0,True
851,4758.0,Donna Fowler,Male,78.0,17.0,78.0,2.0,High,68.0,2.1,89.0,True
852,2489.0,Whitney Jefferson,Male,70.0,8.0,70.0,2.0,Low,92.0,1.1,77.0,False
853,2005.0,Shane Sanders,Female,85.0,18.0,85.0,2.0,Medium,85.0,4.7,95.0,False
854,5046.0,Felicia Cline,Female,85.0,10.0,78.0,1.0,High,90.0,1.1,80.0,False
855,2650.0,Jennifer Clark,Female,78.0,18.0,78.0,1.0,Medium,85.0,0.6,92.0,True
856,3134.0,Miss Carla Coleman MD,Female,95.0,30.0,86.0,2.0,Low,90.0,1.2,67.0,True
857,7292.0,William Nelson,Male,90.0,10.0,86.0,2.0,High,88.0,2.5,91.0,True
858,4160.0,Crystal Brown,Female,90.0,20.0,70.0,3.0,Medium,85.0,3.6,98.0,True
859,9741.0,Erica Miller,Male,85.0,10.0,90.0,0.0,Low,85.0,4.5,98.0,False
860,9723.0,Emily Martin,Male,78.0,17.0,70.0,1.0,Low,62.0,2.0,67.0,True
861,4015.0,Erica Miller,Male,78.0,22.0,90.0,3.0,Low,80.0,4.4,100.0,False
862,9254.0,Wesley May,Female,88.0,25.0,82.0,2.0,Low,87.0,0.9,52.0,True
863,5781.0,Christopher Atkinson,Male,78.0,18.0,65.0,2.0,High,92.0,4.9,63.0,True
864,1022.0,Blake Martinez,Female,91.0,30.0,88.0,2.0,Low,72.0,1.3,58.0,False
865,5831.0,Joy Henderson,Male,85.0,17.0,88.0,3.0,Low,85.0,0.9,51.0,True
866,7258.0,Mary Ramos,Female,91.0,12.0,90.0,1.0,High,90.0,1.3,87.0,False
867,3550.0,Colleen Sanchez,Female,92.0,8.0,88.0,0.0,Medium,87.0,2.5,79.0,True
868,3885.0,David Cruz,Male,91.0,17.0,65.0,1.0,High,85.0,0.8,61.0,False
869,4077.0,Ralph Becker,Male,78.0,20.0,60.0,3.0,Medium,62.0,0.5,83.0,True
870,1193.0,Denise Coleman,Male,70.0,8.0,78.0,2.0,High,80.0,0.7,99.0,True
871,3281.0,Samantha Mendoza,Female,91.0,17.0,65.0,2.0,Medium,78.0,0.8,53.0,False
872,9906.0,Sean Lyons,Male,88.0,15.0,85.0,2.0,Medium,62.0,2.6,76.0,True
873,1019.0,Anthony Smith,Male,85.0,25.0,60.0,0.0,High,90.0,3.3,64.0,False
874,2841.0,Deborah Hernandez,Female,78.0,20.0,90.0,2.0,Medium,90.0,0.4,71.0,True
875,6906.0,Kristi Price,Male,85.0,22.0,65.0,0.0,Medium,72.0,1.7,61.0,False
876,3461.0,Alex Douglas,Female,91.0,18.0,88.0,2.0,Medium,78.0,3.3,66.0,True
877,1035.0,Ian Mcdonald,Male,78.0,30.0,65.0,0.0,Medium,78.0,4.1,57.0,False
878,5562.0,David Bauer,Male,90.0,30.0,65.0,0.0,Medium,90.0,1.6,77.0,False
879,7782.0,Steven Hill,Female,78.0,25.0,60.0,0.0,Low,78.0,2.5,81.0,True
880,7301.0,Linda Beasley,Male,91.0,8.0,70.0,3.0,Low,92.0,3.5,65.0,False
881,1046.0,Maria Edwards,Male,85.0,17.0,70.0,1.0,High,87.0,0.3,72.0,False
882,3283.0,Megan Hutchinson,Female,85.0,10.0,70.0,0.0,High,92.0,4.1,53.0,True
883,3591.0,Thomas Freeman,Male,78.0,30.0,65.0,2.0,High,87.0,0.1,76.0,True
884,5698.0,Holly Leon,Male,78.0,15.0,78.0,3.0,High,72.0,2.5,76.0,False
885,8443.0,Travis Pierce,Female,91.0,12.0,82.0,3.0,Medium,68.0,1.4,55.0,False
886,8674.0,Kristen Galloway,Female,95.0,8.0,60.0,0.0,High,90.0,3.2,62.0,False
887,2776.0,Raven Taylor,Male,90.0,30.0,86.0,1.0,High,92.0,1.4,84.0,True
888,5410.0,Christina Johnson,Male,91.0,22.0,78.0,3.0,Medium,80.0,0.2,55.0,False
889,1138.0,Holly Spencer,Female,88.0,8.0,70.0,3.0,Medium,62.0,3.6,58.0,True
890,6428.0,Jessica Davies,Female,82.0,20.0,70.0,0.0,High,88.0,4.0,76.0,True
891,5753.0,Daniel Sullivan,Male,78.0,17.0,85.0,2.0,Low,92.0,4.4,93.0,True
892,3638.0,Richard Franklin,Female,85.0,10.0,88.0,2.0,Medium,88.0,4.3,77.0,True
893,7350.0,Samantha Klein,Male,92.0,22.0,86.0,2.0,High,88.0,3.1,81.0,True
894,2116.0,Kimberly Pena,Female,91.0,30.0,88.0,2.0,High,68.0,3.6,79.0,False
895,8753.0,Rebecca Burnett,Male,85.0,10.0,85.0,3.0,Medium,80.0,1.8,68.0,False
896,7701.0,Anna Martinez,Male,85.0,30.0,70.0,3.0,Medium,90.0,0.4,76.0,False
897,3592.0,Monica Johnson,Female,90.0,25.0,60.0,1.0,Low,87.0,1.7,79.0,False
898,2787.0,Shannon Porter,Male,78.0,20.0,60.0,0.0,High,62.0,1.6,70.0,False
899,4497.0,Amy Stout,Female,91.0,17.0,86.0,0.0,High,90.0,3.9,80.0,True
900,7636.0,Joseph Sherman,Male,88.0,17.0,60.0,2.0,High,85.0,0.9,53.0,True
901,8021.0,Maria Walls,Female,88.0,10.0,90.0,1.0,Medium,62.0,2.4,94.0,True
